seg_label,frame_num,area,min_row_bb,min_col_bb,max_row_bb,max_col_bb,centroid_row,centroid_col,major_axis_length,minor_axis_length,max_intensity,mean_intensity,min_intensity,feat_0,feat_1,feat_2,feat_3,feat_4,feat_5,feat_6,feat_7,feat_8,feat_9,feat_10,feat_11,feat_12,feat_13,feat_14,feat_15,feat_16,feat_17,feat_18,feat_19,feat_20,feat_21,feat_22,feat_23,feat_24,feat_25,feat_26,feat_27,feat_28,feat_29,feat_30,feat_31,feat_32,feat_33,feat_34,feat_35,feat_36,feat_37,feat_38,feat_39,feat_40,feat_41,feat_42,feat_43,feat_44,feat_45,feat_46,feat_47,feat_48,feat_49,feat_50,feat_51,feat_52,feat_53,feat_54,feat_55,feat_56,feat_57,feat_58,feat_59,feat_60,feat_61,feat_62,feat_63,feat_64,feat_65,feat_66,feat_67,feat_68,feat_69,feat_70,feat_71,feat_72,feat_73,feat_74,feat_75,feat_76,feat_77,feat_78,feat_79,feat_80,feat_81,feat_82,feat_83,feat_84,feat_85,feat_86,feat_87,feat_88,feat_89,feat_90,feat_91,feat_92,feat_93,feat_94,feat_95,feat_96,feat_97,feat_98,feat_99,feat_100,feat_101,feat_102,feat_103,feat_104,feat_105,feat_106,feat_107,feat_108,feat_109,feat_110,feat_111,feat_112,feat_113,feat_114,feat_115,feat_116,feat_117,feat_118,feat_119,feat_120,feat_121,feat_122,feat_123,feat_124,feat_125,feat_126,feat_127
1,19,69,258,275,267,284,262,279,9.337473201948237,9.337473201948237,254.0,251.97101449275362,200.0,0.02811671607196331,-0.06381457298994064,0.08626891672611237,0.05961456894874573,0.08599506318569183,0.013613336719572544,-0.03550349175930023,0.17127515375614166,0.06177244707942009,-0.09116144478321075,-0.04562336578965187,0.015328324399888515,0.020470280200242996,0.007626039907336235,-0.031776025891304016,0.08989021927118301,0.11249884963035583,-0.0732705146074295,-0.2360132783651352,-0.15100215375423431,-0.10032402724027634,-0.07409392297267914,0.014757814817130566,0.1412636935710907,-0.0380341038107872,-0.0036579736042767763,0.03533660247921944,-0.04748653620481491,-0.07907315343618393,0.0843718871474266,-0.17062921822071075,-0.12296368926763535,0.023351378738880157,-0.08987022191286087,0.027853477746248245,0.08480340987443924,0.09868936985731125,0.06709866970777512,-0.08297596126794815,-0.056723933666944504,0.03418927267193794,0.08496805280447006,-0.00014349263801705092,0.015457144938409328,-0.08342289179563522,-0.024777306243777275,0.13376069068908691,0.0031524538062512875,-0.17848241329193115,-0.046379219740629196,-0.025949690490961075,0.012045547366142273,0.09745912998914719,-0.06837701052427292,0.13321943581104279,-0.07001344114542007,-0.08522732555866241,0.029361439868807793,0.05324990674853325,-0.10261912643909454,-0.08454760909080505,-0.02077985368669033,-0.012219726108014584,-0.10261601954698563,-0.05324269086122513,-0.10287724435329437,-0.05033819377422333,-0.10891766846179962,0.029443001374602318,0.11177074909210205,0.13054178655147552,0.005239162594079971,-0.023512452840805054,-0.16603031754493713,-0.1687791347503662,0.051103562116622925,-0.14306160807609558,-0.026777323335409164,-0.050583962351083755,-0.0929003357887268,-0.0021412339992821217,0.07599260658025742,0.029706090688705444,-0.10361762344837189,-0.07297853380441666,0.07699619978666306,-0.050532013177871704,0.09422524273395538,-0.023313336074352264,-0.04078630357980728,0.07042376697063446,-0.020842595025897026,-0.045878950506448746,0.05601905658841133,-0.0581357516348362,0.05214688181877136,0.060391467064619064,-0.00894714705646038,-0.06841493397951126,0.02679503709077835,-0.028696971014142036,0.07730872929096222,-0.08495313674211502,0.311225950717926,0.02854076214134693,0.05074717104434967,0.2132340669631958,-0.007687788922339678,-0.0847080796957016,0.12021979689598083,-0.0784900039434433,-0.031391263008117676,-0.05579415708780289,-0.06972994655370712,-0.08317751437425613,-0.1821950227022171,-0.030706411227583885,-0.03940770775079727,-0.01836986094713211,0.14698952436447144,-0.029506968334317207,-0.1498366743326187,0.07790113240480423,0.002885071560740471,0.1431628316640854,0.08841662853956223,-0.023502279072999954,0.0578170046210289
2,19,69,232,490,241,499,236,494,9.337473201948237,9.337473201948237,254.0,249.66666666666666,214.0,0.02645898051559925,-0.058819230645895004,0.07645902037620544,0.05517301335930824,0.09502425789833069,0.001916995388455689,-0.03887782618403435,0.16283787786960602,0.06860605627298355,-0.09293414652347565,-0.048728879541158676,0.017483508214354515,0.02126920595765114,0.00931584183126688,-0.04147879406809807,0.0933532565832138,0.10682553797960281,-0.08012983202934265,-0.23521022498607635,-0.15880297124385834,-0.1075066402554512,-0.07953689992427826,0.008433516137301922,0.13250134885311127,-0.03223663568496704,-0.002254313323646784,0.033516187220811844,-0.04215501248836517,-0.07765334099531174,0.07430649548768997,-0.18007373809814453,-0.11919381469488144,0.01821007952094078,-0.08173204958438873,0.029415693134069443,0.0864497572183609,0.09075095504522324,0.05837676674127579,-0.06468241661787033,-0.07011422514915466,0.015319665893912315,0.09295177459716797,0.012678380124270916,0.0022384722251445055,-0.0807383731007576,-0.02637001872062683,0.12926965951919556,0.0023494907654821873,-0.1778339296579361,-0.05955084040760994,-0.01787247508764267,0.0037179826758801937,0.08353885263204575,-0.08365578949451447,0.1364280879497528,-0.049252551048994064,-0.09230693429708481,0.021446436643600464,0.05175929516553879,-0.10063009709119797,-0.06540660560131073,-0.037676114588975906,-0.012068788520991802,-0.10377848893404007,-0.04879727587103844,-0.09149768948554993,-0.069165900349617,-0.11073571443557739,0.04798799380660057,0.08190115541219711,0.1385321170091629,0.008755038492381573,-0.015905726701021194,-0.16207705438137054,-0.17087100446224213,0.053592562675476074,-0.1226508691906929,-0.02365857921540737,-0.06112941354513168,-0.0927780270576477,-0.004521154332906008,0.0711962953209877,0.03257957845926285,-0.1228361427783966,-0.08225605636835098,0.0826520323753357,-0.04333607479929924,0.09341616183519363,-0.027760954573750496,-0.04906390607357025,0.07124003022909164,-0.033065032213926315,-0.029793718829751015,0.051761601120233536,-0.059773825109004974,0.03980429098010063,0.07904935628175735,-0.015444899909198284,-0.06606839597225189,0.033576540648937225,-0.023033808916807175,0.08058497309684753,-0.08564303070306778,0.31387752294540405,0.018563594669103622,0.053840573877096176,0.21757003664970398,-0.01456668134778738,-0.08015450090169907,0.1264282613992691,-0.07238688319921494,-0.033276233822107315,-0.053794145584106445,-0.0691138431429863,-0.10484213382005692,-0.1835639476776123,-0.031665120273828506,-0.027322271838784218,-1.4377899788087234e-05,0.15139058232307434,-0.03203493356704712,-0.16072241961956024,0.06010318174958229,0.019419632852077484,0.14556005597114563,0.07529179751873016,-0.007914283312857151,0.059692274779081345
3,19,69,194,599,203,608,198,603,9.337473201948237,9.337473201948237,254.0,250.18840579710144,182.0,0.017658058553934097,-0.05203527212142944,0.06861232221126556,0.042130596935749054,0.08870839327573776,-0.000552609795704484,-0.040605492889881134,0.17195485532283783,0.062350451946258545,-0.09505316615104675,-0.0564633272588253,0.02463819831609726,0.021010754629969597,0.011339809745550156,-0.03972094878554344,0.08355725556612015,0.11499924212694168,-0.06654826551675797,-0.2411404252052307,-0.15701276063919067,-0.11302852630615234,-0.06563840061426163,0.01576429419219494,0.13227231800556183,-0.022264737635850906,0.0019120641518384218,0.0369863286614418,-0.05060030147433281,-0.08561181277036667,0.07289167493581772,-0.16642054915428162,-0.1112082451581955,0.013964531011879444,-0.09404097497463226,0.01560306642204523,0.08870852738618851,0.09517242759466171,0.06214688718318939,-0.09687898308038712,-0.07163700461387634,0.02198849804699421,0.08866508305072784,0.016633857041597366,0.005698903929442167,-0.08967867493629456,-0.02957802638411522,0.1316903978586197,-0.0018363496055826545,-0.17911137640476227,-0.05848093330860138,-0.02211819402873516,0.008884274400770664,0.08779104799032211,-0.08908578753471375,0.14571206271648407,-0.055729951709508896,-0.0827268436551094,0.029477037489414215,0.042906370013952255,-0.10387804359197617,-0.08114168792963028,-0.019112514331936836,-0.0032974451314657927,-0.1030300036072731,-0.06132275611162186,-0.09267494082450867,-0.062285877764225006,-0.10827433317899704,0.024098297581076622,0.09167267382144928,0.1423722505569458,0.008374251425266266,-0.021668221801519394,-0.1673535257577896,-0.176692932844162,0.052413854748010635,-0.12082301825284958,-0.020535966381430626,-0.059164851903915405,-0.10195687413215637,-0.000597581674810499,0.07087723910808563,0.0210602805018425,-0.11545737832784653,-0.07296540588140488,0.0778941661119461,-0.049319639801979065,0.09083030372858047,-0.027295473963022232,-0.03721892833709717,0.0708717629313469,-0.02359679527580738,-0.03265256807208061,0.056248534470796585,-0.05674603208899498,0.05593525618314743,0.07566360384225845,-0.017226696014404297,-0.06707972288131714,0.014871449209749699,-0.027689510956406593,0.08495663106441498,-0.07574308663606644,0.31923556327819824,0.03274638578295708,0.04513533040881157,0.20576955378055573,-0.020978504791855812,-0.09414546191692352,0.1261771023273468,-0.0660470649600029,-0.035183146595954895,-0.04137367382645607,-0.07031315565109253,-0.0898212268948555,-0.17347396910190582,-0.029849380254745483,-0.03471418470144272,-0.017413754016160965,0.1505679190158844,-0.03359762951731682,-0.1515946388244629,0.058986444026231766,-0.0030723921954631805,0.14326265454292297,0.08735442161560059,-0.011826018802821636,0.0586799755692482
4,19,69,379,381,388,390,383,385,9.337473201948237,9.337473201948237,254.0,253.42028985507247,253.0,0.03070065937936306,-0.06280902028083801,0.07837050408124924,0.05134287104010582,0.09364759176969528,0.0007000596961006522,-0.033283624798059464,0.16578364372253418,0.07173584401607513,-0.08742537349462509,-0.05973296985030174,0.028547095134854317,0.018285317346453667,0.007641730830073357,-0.042517825961112976,0.08880023658275604,0.10778100043535233,-0.07016953825950623,-0.23642182350158691,-0.15845246613025665,-0.11131075769662857,-0.06085282191634178,0.025794196873903275,0.13833880424499512,-0.023411400616168976,-0.0024638890754431486,0.0269552581012249,-0.04780130088329315,-0.08592717349529266,0.0674695298075676,-0.1730048656463623,-0.1181308925151825,0.012267270125448704,-0.09389050304889679,0.02147143892943859,0.08513012528419495,0.10072492063045502,0.061646733433008194,-0.07815508544445038,-0.06208653375506401,0.023877954110503197,0.08306097984313965,0.015949279069900513,0.013980282470583916,-0.07864924520254135,-0.03024650737643242,0.1366945207118988,0.014338953420519829,-0.17563198506832123,-0.0585399828851223,-0.0171665009111166,0.014454237185418606,0.09526561200618744,-0.08116060495376587,0.13953137397766113,-0.05026504397392273,-0.0787695124745369,0.02679484896361828,0.042676907032728195,-0.10270751267671585,-0.07170938700437546,-0.02770615927875042,-0.017293158918619156,-0.10339817404747009,-0.06617087870836258,-0.08663485944271088,-0.06347700953483582,-0.10473128408193588,0.03085799142718315,0.08947456628084183,0.13599161803722382,0.005040178075432777,-0.01219539251178503,-0.16492190957069397,-0.16805800795555115,0.05401201546192169,-0.1260390728712082,-0.02585236169397831,-0.055451128631830215,-0.09750541299581528,-0.005320226773619652,0.07834936678409576,0.02994695119559765,-0.11881665140390396,-0.07588687539100647,0.08299101144075394,-0.045655135065317154,0.09789381176233292,-0.027644792571663857,-0.04702500253915787,0.07271580398082733,-0.027801385149359703,-0.033095572143793106,0.06049330160021782,-0.05730629712343216,0.05103334039449692,0.06922946125268936,-0.027984049171209335,-0.0717671737074852,0.022498536854982376,-0.03583494946360588,0.09028647840023041,-0.07482373714447021,0.3139185607433319,0.027744391933083534,0.048851463943719864,0.21619898080825806,-0.013786476105451584,-0.0915202870965004,0.12638114392757416,-0.0722380056977272,-0.040282633155584335,-0.058534521609544754,-0.07219203561544418,-0.09697915613651276,-0.17982769012451172,-0.02907119318842888,-0.03285615146160126,-0.014108903706073761,0.14623260498046875,-0.02857830375432968,-0.1469939947128296,0.06699196994304657,0.018046582117676735,0.14486509561538696,0.08113773167133331,-0.016890116035938263,0.059308573603630066
5,19,69,341,503,350,512,345,507,9.337473201948237,9.337473201948237,253.0,248.8985507246377,206.0,0.024797212332487106,-0.0636294037103653,0.07801645994186401,0.054228588938713074,0.09199630469083786,0.0006774673820473254,-0.04901951923966408,0.16577494144439697,0.07107386738061905,-0.09433376789093018,-0.04800856485962868,0.01331683062016964,0.019410699605941772,0.01438753679394722,-0.036909524351358414,0.08697475492954254,0.10651302337646484,-0.06444095820188522,-0.23494796454906464,-0.15296822786331177,-0.1044551283121109,-0.07737680524587631,0.01711214892566204,0.13067063689231873,-0.03092748299241066,0.0017073039198294282,0.024763023480772972,-0.043929897248744965,-0.08438368141651154,0.0626881942152977,-0.1777835190296173,-0.1256910115480423,0.018862362951040268,-0.0921354740858078,0.023215821012854576,0.08885916322469711,0.09909987449645996,0.059443067759275436,-0.07277274876832962,-0.06926485896110535,0.01210140809416771,0.08883385360240936,0.009995821863412857,0.0047003705985844135,-0.08399338275194168,-0.019792942330241203,0.12968119978904724,0.005849621258676052,-0.18317894637584686,-0.06440063565969467,-0.009811514988541603,0.0022431882098317146,0.08768288791179657,-0.08210142701864243,0.13401976227760315,-0.04553661867976189,-0.08787375688552856,0.022820737212896347,0.04234616458415985,-0.11147110164165497,-0.06967032700777054,-0.030361628159880638,-0.013711178675293922,-0.09877534210681915,-0.06872876733541489,-0.0855688601732254,-0.06306414306163788,-0.10278477519750595,0.032108206301927567,0.09769072383642197,0.1425183266401291,0.010416326113045216,-0.027390524744987488,-0.1770273745059967,-0.16012239456176758,0.05139350891113281,-0.1276615560054779,-0.022384611889719963,-0.05588069185614586,-0.10259466618299484,0.004507075995206833,0.07852767407894135,0.02742113173007965,-0.11471066623926163,-0.06494252383708954,0.0760139599442482,-0.040909573435783386,0.0936339795589447,-0.024706777185201645,-0.05744980648159981,0.07712091505527496,-0.03475036472082138,-0.031119385734200478,0.049680598080158234,-0.054459426552057266,0.03820907697081566,0.07106661796569824,-0.02219107560813427,-0.0756910890340805,0.035128023475408554,-0.03830741345882416,0.07756991684436798,-0.07676652073860168,0.30999755859375,0.01863381825387478,0.03339714556932449,0.2143852859735489,-0.007717403117567301,-0.08876383304595947,0.13520631194114685,-0.07350021600723267,-0.03429490700364113,-0.05681881308555603,-0.07664652913808823,-0.08584001660346985,-0.17549555003643036,-0.02950666844844818,-0.043555162847042084,-0.010324408300220966,0.15391282737255096,-0.03263924643397331,-0.1575683206319809,0.07125681638717651,-0.000846714829094708,0.152837336063385,0.08255818486213684,-0.010508083738386631,0.053916819393634796
6,19,69,341,585,350,594,345,589,9.337473201948237,9.337473201948237,254.0,250.0,163.0,0.024348994717001915,-0.05907539278268814,0.06975260376930237,0.05060791224241257,0.08312425762414932,0.0018635946325957775,-0.033437058329582214,0.16480284929275513,0.06710581481456757,-0.09920691698789597,-0.06420193612575531,0.025053950026631355,0.02383001707494259,0.009297491982579231,-0.034403424710035324,0.08999679237604141,0.11703558266162872,-0.06275921314954758,-0.24623745679855347,-0.1544594168663025,-0.10502485930919647,-0.0601179413497448,0.01998559758067131,0.13021458685398102,-0.028240567073225975,0.005459827836602926,0.028155719861388206,-0.04781587794423103,-0.08264552056789398,0.07484669983386993,-0.16418464481830597,-0.11132338643074036,0.01491522416472435,-0.0963592603802681,0.01713535375893116,0.09178334474563599,0.09700760245323181,0.06320612877607346,-0.0977812260389328,-0.0765862986445427,0.0159535501152277,0.08656387031078339,0.012491149827837944,0.015295042656362057,-0.08344833552837372,-0.03150368481874466,0.13210920989513397,-0.0013554191682487726,-0.17957356572151184,-0.05337180942296982,-0.033807456493377686,0.012100114487111568,0.08996838331222534,-0.08240729570388794,0.14616845548152924,-0.06297789514064789,-0.08113498240709305,0.026785779744386673,0.04522142931818962,-0.10952576249837875,-0.07675166428089142,-0.017056157812476158,-0.011044939048588276,-0.0993104875087738,-0.05962274596095085,-0.0820826068520546,-0.059207312762737274,-0.1079438179731369,0.016844220459461212,0.09856510907411575,0.14084883034229279,0.0072225839830935,-0.026152562350034714,-0.1759590059518814,-0.17953407764434814,0.05860918387770653,-0.12920230627059937,-0.020589333027601242,-0.05255238339304924,-0.10495530813932419,-0.003266050247475505,0.06948738545179367,0.028130749240517616,-0.11488872766494751,-0.07009415328502655,0.0788661316037178,-0.05097126215696335,0.09515588730573654,-0.022001687437295914,-0.04702625796198845,0.06440911442041397,-0.0236610509455204,-0.03744811192154884,0.0607207790017128,-0.05980171263217926,0.055009495466947556,0.07267767190933228,-0.01010951492935419,-0.0546615868806839,0.013935261406004429,-0.02516709826886654,0.08409405499696732,-0.0741693452000618,0.31619349122047424,0.03602909296751022,0.048916302621364594,0.20760342478752136,-0.021330326795578003,-0.0905396044254303,0.12917070090770721,-0.0689050480723381,-0.040888238698244095,-0.044166166335344315,-0.06404265761375427,-0.08439294993877411,-0.16801822185516357,-0.02689947560429573,-0.03585294261574745,-0.018592365086078644,0.1420513540506363,-0.03511400148272514,-0.15272681415081024,0.06363188475370407,-0.00401847530156374,0.14164817333221436,0.08822524547576904,-0.019044434651732445,0.06640718877315521
7,19,69,407,652,416,661,411,656,9.337473201948237,9.337473201948237,254.0,253.7391304347826,247.0,0.031060507521033287,-0.06356390565633774,0.07959571480751038,0.0501406192779541,0.09425491839647293,1.796498145267833e-05,-0.0323823019862175,0.16415007412433624,0.07295774668455124,-0.08778301626443863,-0.05947384983301163,0.026888234540820122,0.017004992812871933,0.007097656838595867,-0.042579732835292816,0.08881700038909912,0.10701954364776611,-0.06857508420944214,-0.23735454678535461,-0.1567719280719757,-0.11222803592681885,-0.06110968813300133,0.023113887757062912,0.13897819817066193,-0.02365465834736824,-0.002864648588001728,0.027793752029538155,-0.048190888017416,-0.08630050718784332,0.0678304135799408,-0.1742057353258133,-0.11846461892127991,0.012138660997152328,-0.09383498132228851,0.020154394209384918,0.08546566218137741,0.10060831904411316,0.060427505522966385,-0.07700075209140778,-0.06260842829942703,0.023436229676008224,0.08273995667695999,0.016984514892101288,0.014785733073949814,-0.08027085661888123,-0.029434185475111008,0.13625559210777283,0.013111050240695477,-0.17468732595443726,-0.05936240777373314,-0.014948812313377857,0.012072139419615269,0.09521254152059555,-0.0810023620724678,0.13884450495243073,-0.050062522292137146,-0.07799147069454193,0.026677418500185013,0.043232087045907974,-0.10317911207675934,-0.07115975022315979,-0.027089565992355347,-0.016810378059744835,-0.10316766053438187,-0.06724560260772705,-0.08588717132806778,-0.06418445706367493,-0.10653973370790482,0.03244511038064957,0.08990500122308731,0.136005699634552,0.006928243208676577,-0.013386424630880356,-0.16462442278862,-0.16677409410476685,0.05450190231204033,-0.1252456158399582,-0.025955667719244957,-0.05431424453854561,-0.09612032771110535,-0.004337241407483816,0.07775191217660904,0.029966548085212708,-0.12019584327936172,-0.0757259950041771,0.08321826905012131,-0.04555520787835121,0.0959748700261116,-0.028054935857653618,-0.04786062613129616,0.07388540357351303,-0.027495913207530975,-0.03322393074631691,0.060644619166851044,-0.05640837177634239,0.05065324530005455,0.06947234272956848,-0.026942193508148193,-0.07195010781288147,0.022735364735126495,-0.03511425480246544,0.09036733210086823,-0.0759514644742012,0.3150196969509125,0.027553342282772064,0.050110165029764175,0.21621857583522797,-0.013344586826860905,-0.09282457828521729,0.1266627460718155,-0.07203589379787445,-0.038168784230947495,-0.05771433934569359,-0.07189149409532547,-0.09709257632493973,-0.17939816415309906,-0.02890089340507984,-0.032253898680210114,-0.011852447874844074,0.1464550793170929,-0.02741258591413498,-0.1470048874616623,0.06723609566688538,0.017202060669660568,0.14576475322246552,0.08161964267492294,-0.018199604004621506,0.05930431932210922
8,19,69,427,574,436,583,431,578,9.337473201948237,9.337473201948237,254.0,248.1014492753623,209.0,0.03134937584400177,-0.062170952558517456,0.07242879271507263,0.06774379312992096,0.07554446905851364,0.0004120882658753544,-0.04120076447725296,0.1560453474521637,0.0749627947807312,-0.09295693784952164,-0.05406869202852249,0.03230772167444229,0.027133356779813766,0.004358867183327675,-0.04485870152711868,0.08968858420848846,0.12202781438827515,-0.07747195661067963,-0.23749355971813202,-0.15875661373138428,-0.11190705746412277,-0.05637022852897644,0.030272826552391052,0.13425403833389282,-0.026185978204011917,0.003145367605611682,0.00636662170290947,-0.051068566739559174,-0.09817897528409958,0.052109308540821075,-0.16760893166065216,-0.11469424515962601,0.022043989971280098,-0.08075966686010361,0.012688216753304005,0.0881681889295578,0.10116250067949295,0.05876476317644119,-0.08018530160188675,-0.060344092547893524,0.006769777741283178,0.08672724664211273,0.010626092553138733,0.0036197237204760313,-0.08233251422643661,-0.02715962752699852,0.1374051868915558,-0.012467406690120697,-0.1764822155237198,-0.05195705592632294,-0.034242305904626846,0.004118531942367554,0.08957847207784653,-0.08073913305997849,0.15604548156261444,-0.05332071706652641,-0.08896411210298538,0.038118671625852585,0.05038074031472206,-0.1023452952504158,-0.08081799745559692,-0.04130455479025841,-0.023438503965735435,-0.10535316169261932,-0.06421897560358047,-0.07338958233594894,-0.06006506457924843,-0.10468555241823196,0.03245237469673157,0.10442738234996796,0.13613924384117126,0.023575961589813232,-0.018430640920996666,-0.19725283980369568,-0.171563982963562,0.05975216627120972,-0.1263640969991684,-0.017451710999011993,-0.06540067493915558,-0.09559047967195511,-0.002731557469815016,0.07494445890188217,0.04578254371881485,-0.10658429563045502,-0.07689938694238663,0.08767732977867126,-0.05406258627772331,0.0887484923005104,-0.012380293570458889,-0.06327459216117859,0.06334928423166275,-0.03934907540678978,-0.03672931715846062,0.04987281933426857,-0.05327686294913292,0.054713521152734756,0.0624324195086956,-0.014266928657889366,-0.05544687435030937,0.013048522174358368,-0.03594902530312538,0.07626746594905853,-0.07946454733610153,0.30509981513023376,0.02709721028804779,0.04444039985537529,0.21437276899814606,-0.00390957947820425,-0.07326605916023254,0.13215228915214539,-0.05806466564536095,-0.04211345687508583,-0.05800502002239227,-0.05987981706857681,-0.09114747494459152,-0.17213962972164154,-0.017061736434698105,-0.04114004969596863,-0.02033352106809616,0.14347626268863678,-0.038035985082387924,-0.1509631872177124,0.06921204924583435,0.01146959699690342,0.14502333104610443,0.08236744999885559,-0.015166576951742172,0.05412185192108154
9,19,69,475,475,484,484,479,479,9.337473201948237,9.337473201948237,254.0,248.8840579710145,197.0,0.038918256759643555,-0.05801874026656151,0.07711923122406006,0.058652229607105255,0.10081923007965088,-1.5850617273827083e-05,-0.026214558631181717,0.17342804372310638,0.0582658052444458,-0.09108138829469681,-0.0673666000366211,0.034092314541339874,0.012487613596022129,0.009891781955957413,-0.043611615896224976,0.0870000571012497,0.10778956115245819,-0.06898881494998932,-0.22054830193519592,-0.1756347417831421,-0.11141274124383926,-0.05740202218294144,0.046168044209480286,0.12961314618587494,-0.02941078133881092,-0.00805059913545847,0.025116462260484695,-0.05197075754404068,-0.09463683515787125,0.06889194995164871,-0.1731998771429062,-0.13916398584842682,0.019339701160788536,-0.09760069102048874,0.0274870116263628,0.08446231484413147,0.08859581500291824,0.0740709900856018,-0.07957354187965393,-0.04049888253211975,0.015741722658276558,0.09333084523677826,0.02535664662718773,0.006213246379047632,-0.04402139037847519,-0.034402329474687576,0.13709492981433868,0.0028444540221244097,-0.17146950960159302,-0.0476163886487484,-0.03177465498447418,0.013476033695042133,0.09517253935337067,-0.09509111195802689,0.13549131155014038,-0.054893042892217636,-0.06780717521905899,0.028023621067404747,0.03957498446106911,-0.12366995215415955,-0.06474648416042328,-0.04114522784948349,-0.00035686115734279156,-0.09929175674915314,-0.05870949849486351,-0.09403207153081894,-0.06351315975189209,-0.0993969514966011,0.02173088677227497,0.08912400156259537,0.14515496790409088,-0.0017047805013135076,-0.0071254814974963665,-0.17036110162734985,-0.16991204023361206,0.055718157440423965,-0.12517119944095612,-0.019468065351247787,-0.06142560392618179,-0.10206831246614456,-0.024688098579645157,0.06615155935287476,0.034633662551641464,-0.12256012856960297,-0.062207188457250595,0.07958195358514786,-0.041406724601984024,0.09793973714113235,-0.02179623581469059,-0.055260442197322845,0.05999583750963211,-0.028857281431555748,-0.034685168415308,0.047410305589437485,-0.04537534713745117,0.047419678419828415,0.062371376901865005,-0.031861938536167145,-0.05978624150156975,0.02323499321937561,-0.018910076469182968,0.08315850794315338,-0.08171097934246063,0.30985718965530396,0.028762390837073326,0.037155553698539734,0.20738230645656586,-0.005295977927744389,-0.10513398796319962,0.13699235022068024,-0.07356657087802887,-0.03556911274790764,-0.0758776143193245,-0.06120189651846886,-0.08456461876630783,-0.18718183040618896,-0.03181818500161171,-0.024380657821893692,-0.023074062541127205,0.14814533293247223,-0.04348917305469513,-0.1397821605205536,0.07346190512180328,0.02278883568942547,0.14249885082244873,0.06917006522417068,0.0017165862955152988,0.06723520904779434
10,19,69,591,419,600,428,595,423,9.337473201948237,9.337473201948237,232.0,179.15942028985506,99.0,0.03621286153793335,-0.03320501372218132,0.05948042869567871,0.08712431788444519,0.08233783394098282,0.021530836820602417,-0.06275290250778198,0.1137695461511612,0.07905356585979462,-0.09736514091491699,-0.04707743972539902,0.059405550360679626,0.05760747566819191,0.01890069618821144,-0.09156208485364914,0.10345630347728729,0.14983786642551422,-0.04153704643249512,-0.20776811242103577,-0.16276830434799194,-0.11437814682722092,-0.08261250704526901,0.05538538098335266,0.08448594063520432,-0.0036442421842366457,-0.012464973144233227,-0.07064254581928253,-0.06494390219449997,-0.06939250975847244,0.024871138855814934,-0.16368262469768524,-0.12603594362735748,0.0902223289012909,-0.07982932031154633,0.05137960612773895,0.09785328805446625,0.04529651999473572,0.06389226019382477,-0.11983892321586609,0.006186480633914471,-0.009282637387514114,0.17624041438102722,-0.02457110583782196,-0.013008647598326206,-0.016158217564225197,-0.04782673344016075,0.14184793829917908,-0.032201603055000305,-0.1952061951160431,-0.06320912390947342,-0.02716141566634178,-0.027182944118976593,0.05757942050695419,-0.10953876376152039,0.10012124478816986,-0.044748350977897644,-0.0641632080078125,-0.018024371936917305,0.08344750851392746,-0.1621304601430893,-0.0714055523276329,-0.077198825776577,0.014398317784070969,-0.1388990432024002,-0.07474952936172485,-0.041191935539245605,-0.09024713933467865,-0.038078226149082184,0.018097076565027237,0.14705753326416016,0.17807334661483765,0.04530439153313637,-0.012286228127777576,-0.15655170381069183,-0.16715669631958008,0.05576182156801224,-0.14424040913581848,0.016104968264698982,-0.0822891816496849,-0.11756720393896103,-0.052974920719861984,0.036779776215553284,0.0038286657072603703,-0.11846145987510681,-0.028956221416592598,0.0864233747124672,-0.02172902785241604,0.08184415102005005,-0.014474705792963505,-0.07115831226110458,-0.004759201779961586,-0.02062295190989971,-0.039777714759111404,-0.017510371282696724,-0.0133260078728199,0.004470458719879389,0.010494856163859367,-0.06975242495536804,-0.014090619049966335,0.07452429831027985,-0.03691345825791359,0.07812550663948059,-0.11524148285388947,0.2237139195203781,0.05050383135676384,0.005763854365795851,0.14936991035938263,0.048432569950819016,-0.07148052752017975,0.17762617766857147,-0.029322369024157524,-0.02555490843951702,-0.08820908516645432,-0.053957030177116394,-0.042139459401369095,-0.21331153810024261,-0.03056202456355095,-0.0712895616889,-0.015022150240838528,0.16417838633060455,-0.053303901106119156,-0.11907540261745453,0.06477101892232895,0.061238598078489304,0.1331331431865692,0.01843092404305935,0.03566810488700867,0.02721720188856125
11,19,69,694,420,703,429,698,424,9.337473201948237,9.337473201948237,170.0,105.95652173913044,62.0,0.0540597140789032,-0.048201948404312134,0.052504826337099075,0.099097840487957,0.09099752455949783,0.05132449418306351,-0.05286650359630585,0.09445666521787643,0.07099377363920212,-0.08225183188915253,-0.018257735297083855,0.07198459655046463,0.03294776752591133,0.061846937984228134,-0.07929608225822449,0.080040343105793,0.1792023926973343,-0.0008136602118611336,-0.1535329669713974,-0.12869201600551605,-0.10467792302370071,-0.09726119786500931,0.04712102934718132,0.0726347416639328,-0.003912100102752447,-0.03949815407395363,-0.07113471627235413,-0.10980916023254395,-0.05701567232608795,0.04013795778155327,-0.13137288391590118,-0.12292792648077011,0.12084817886352539,-0.07444582134485245,0.06228189170360565,0.09044038504362106,0.03304453194141388,0.0579550564289093,-0.1043538749217987,0.029768431559205055,-0.06625625491142273,0.16443708539009094,-0.032367609441280365,-0.012907126918435097,0.005274620838463306,-0.06130179017782211,0.15391293168067932,-0.03535756841301918,-0.19502918422222137,-0.06485673785209656,-0.03537634387612343,-0.06511297821998596,0.05237757787108421,-0.1246986836194992,0.07328292727470398,-0.048597630113363266,-0.058458343148231506,-0.0291951484978199,0.09325630962848663,-0.18021847307682037,-0.09954766929149628,-0.10279573500156403,-0.01420541014522314,-0.17111550271511078,-0.04175032302737236,-0.05275005102157593,-0.09351746737957001,-0.021205704659223557,0.019886359572410583,0.16845859587192535,0.2056654691696167,0.07419146597385406,-0.018308168277144432,-0.10051146149635315,-0.13266263902187347,0.03097516857087612,-0.12266817688941956,0.01662641391158104,-0.06941387057304382,-0.09940284490585327,-0.09515403211116791,0.04130156710743904,0.028878597542643547,-0.13963572680950165,-0.04029826074838638,0.09099122881889343,0.04636000096797943,0.08706163614988327,0.042093995958566666,-0.09016267210245132,-0.020345568656921387,-0.03778588026762009,-0.04634210839867592,-0.03995845466852188,-0.028599673882126808,-0.0033970284275710583,0.037449199706315994,-0.06249506399035454,-0.018683074042201042,0.1122254878282547,-0.025183487683534622,0.0678991749882698,-0.16814027726650238,0.17479656636714935,0.020661989226937294,-0.01346652116626501,0.13396909832954407,0.09694550931453705,-0.0371694453060627,0.1881958693265915,0.0010376668069511652,-0.031978145241737366,-0.09049203991889954,-0.029479598626494408,-0.04377825930714607,-0.16853690147399902,-0.0021071971859782934,-0.04326378181576729,0.01076680887490511,0.17678263783454895,-0.053109060972929,-0.140568345785141,0.038552675396203995,0.053366899490356445,0.14819137752056122,0.017572345212101936,0.05305568501353264,0.02214115671813488
12,19,69,782,490,791,499,786,494,9.337473201948237,9.337473201948237,218.0,142.7536231884058,66.0,0.04067084565758705,-0.039241086691617966,0.05307701230049133,0.08136937022209167,0.07816249877214432,0.01354705449193716,-0.07694108039140701,0.12265653908252716,0.07896028459072113,-0.10655119270086288,-0.0261706355959177,0.0538162998855114,0.028758855536580086,0.048246148973703384,-0.07342518866062164,0.09102170914411545,0.15875840187072754,-0.011890286579728127,-0.18812215328216553,-0.15553387999534607,-0.1151600331068039,-0.09672293066978455,0.022865159437060356,0.08198288083076477,-0.0019703677389770746,-0.01960374042391777,-0.06215117126703262,-0.0765049159526825,-0.07904978841543198,0.06081283465027809,-0.14130836725234985,-0.12806424498558044,0.11661984026432037,-0.07775695621967316,0.07123208791017532,0.11093888431787491,0.05636843666434288,0.06145159900188446,-0.1062794178724289,0.014646346680819988,-0.047211628407239914,0.14366641640663147,-0.060581061989068985,0.006083511747419834,-0.007972875609993935,-0.08777152746915817,0.1439894139766693,-0.04304232820868492,-0.20615427196025848,-0.08201208710670471,-0.05193021148443222,-0.07785861194133759,0.05063005909323692,-0.11618676781654358,0.08858951181173325,-0.035633932799100876,-0.06964845955371857,-0.025259189307689667,0.06819862127304077,-0.17545996606349945,-0.06679926812648773,-0.08771142363548279,-0.0181015282869339,-0.13790681958198547,-0.07180795818567276,-0.06594520062208176,-0.10267844051122665,-0.0030784690752625465,0.009763285517692566,0.1253540813922882,0.17908330261707306,0.05797052010893822,-0.015531728975474834,-0.09693814069032669,-0.16588422656059265,0.06366116553544998,-0.13931913673877716,0.0057382285594940186,-0.055170897394418716,-0.1031525656580925,-0.08072178810834885,0.020939426496624947,0.02059638313949108,-0.1343519389629364,-0.06542304158210754,0.06405113637447357,0.03881295397877693,0.08000845462083817,0.022841639816761017,-0.09529343992471695,0.007316489703953266,-0.0422201007604599,-0.0266977958381176,-0.05554867908358574,-0.03718265891075134,0.015091471374034882,0.01754075288772583,-0.057396646589040756,-0.015333220362663269,0.11349743604660034,-0.018408402800559998,0.05774743854999542,-0.13976384699344635,0.22318436205387115,0.037460751831531525,-5.891121418244438e-06,0.13081665337085724,0.06924589723348618,-0.06766174733638763,0.1813744455575943,-5.100530688650906e-05,-0.016978831961750984,-0.08339668810367584,-0.04856735095381737,-0.05261407792568207,-0.15866915881633759,-0.04051167145371437,-0.03359602019190788,0.006290587596595287,0.17450875043869019,-0.0264812670648098,-0.17603768408298492,0.03921834006905556,0.03977297246456146,0.13046792149543762,0.03414764255285263,0.06225314736366272,0.0219877976924181
13,19,69,689,551,698,560,693,555,9.337473201948237,9.337473201948237,253.0,247.8985507246377,208.0,0.029576828703284264,-0.061501722782850266,0.07434072345495224,0.0543612465262413,0.0964193344116211,0.006465349346399307,-0.03027869574725628,0.16118741035461426,0.07486619800329208,-0.09513033926486969,-0.061319299042224884,0.02328256517648697,0.017444558441638947,0.0017726742662489414,-0.033286865800619125,0.09539590030908585,0.1139705628156662,-0.068443663418293,-0.24090217053890228,-0.14804276823997498,-0.11286912113428116,-0.07376724481582642,0.016893630847334862,0.13030216097831726,-0.02862146496772766,-0.011285153217613697,0.036435071378946304,-0.05419423058629036,-0.07846192270517349,0.06558424234390259,-0.16771334409713745,-0.11340432614088058,0.020356083288788795,-0.08568815886974335,0.028754664584994316,0.09312058985233307,0.09584600478410721,0.0657961443066597,-0.07381536066532135,-0.06268560886383057,0.024476390331983566,0.0782722756266594,-0.004946306813508272,0.01200360432267189,-0.06627386808395386,-0.039669834077358246,0.13619668781757355,0.013188226148486137,-0.18616604804992676,-0.05593866854906082,-0.023296121507883072,-0.0009573126444593072,0.09035322070121765,-0.08157037943601608,0.13511860370635986,-0.053199607878923416,-0.078399658203125,0.024377761408686638,0.03385132923722267,-0.11127153038978577,-0.08628856390714645,-0.02748207375407219,-0.014497410506010056,-0.11708005517721176,-0.059962183237075806,-0.09726503491401672,-0.05066893622279167,-0.11531469225883484,0.03950747102499008,0.11156035959720612,0.13198065757751465,0.0189380943775177,-0.026677902787923813,-0.16374698281288147,-0.17204418778419495,0.052862901240587234,-0.13099339604377747,-0.009678439237177372,-0.05229160189628601,-0.09563278406858444,-0.018434997648000717,0.0732802078127861,0.0240122452378273,-0.11183597147464752,-0.07400880753993988,0.07681587338447571,-0.05322213098406792,0.09178614616394043,-0.022265346720814705,-0.0446942076086998,0.062154561281204224,-0.02859947457909584,-0.037606701254844666,0.06784115731716156,-0.04257781058549881,0.06201910227537155,0.06640972197055817,-0.0213930606842041,-0.0610562264919281,0.02942592464387417,-0.025214336812496185,0.0808263048529625,-0.07962286472320557,0.3033279478549957,0.03720007836818695,0.03986528143286705,0.21741169691085815,-0.0010315906256437302,-0.08294031023979187,0.12060658633708954,-0.052392296493053436,-0.04741821065545082,-0.06023414060473442,-0.0677265152335167,-0.10341879725456238,-0.18874230980873108,-0.038997307419776917,-0.03324975073337555,-0.013854001648724079,0.15584273636341095,-0.03458654135465622,-0.14786392450332642,0.07329322397708893,0.01633559539914131,0.1456948220729828,0.0750010535120964,-0.01833607815206051,0.06221049651503563
14,19,69,729,603,738,612,733,607,9.337473201948237,9.337473201948237,229.0,190.5072463768116,160.0,0.029393956065177917,-0.04454928636550903,0.06621991097927094,0.0788397416472435,0.08464636653661728,0.01756027527153492,-0.04923218861222267,0.12473144382238388,0.06592236459255219,-0.09163350611925125,-0.04731224477291107,0.06400660425424576,0.03536694496870041,0.03184265270829201,-0.07889784872531891,0.10367265343666077,0.1351384073495865,-0.05413922294974327,-0.1837925761938095,-0.16140539944171906,-0.11757645010948181,-0.0735810324549675,0.03652055189013481,0.09607530385255814,-0.0023640107829123735,-0.05455339327454567,-0.03941136971116066,-0.07020338624715805,-0.06746383756399155,0.03498903289437294,-0.14864517748355865,-0.11701159924268723,0.10331600904464722,-0.08297619968652725,0.06672637164592743,0.10529998689889908,0.05250230431556702,0.062194641679525375,-0.0970151424407959,0.003644956974312663,-0.008576895110309124,0.14728383719921112,-0.00888833124190569,-0.003975516185164452,-0.017250781878829002,-0.06700344383716583,0.15673506259918213,-0.033596597611904144,-0.1983637511730194,-0.06822551786899567,-0.03687871992588043,-0.03749554604291916,0.06497696787118912,-0.13250067830085754,0.09899462759494781,-0.048400189727544785,-0.04541292414069176,0.006211492232978344,0.07059945911169052,-0.17032495141029358,-0.07545464485883713,-0.06410598009824753,0.001178933773189783,-0.15631912648677826,-0.056082263588905334,-0.05394751578569412,-0.09147516638040543,-0.056882310658693314,0.028329024091362953,0.15011371672153473,0.18778307735919952,0.05667061731219292,-0.022502601146697998,-0.14893341064453125,-0.1628950536251068,0.034306205809116364,-0.12822560966014862,0.005784695502370596,-0.07118972390890121,-0.10630017518997192,-0.04501297324895859,0.0475989393889904,0.01426355354487896,-0.13459551334381104,-0.06141193211078644,0.09888367354869843,-0.014508371241390705,0.07969485968351364,-0.008103261701762676,-0.08780305832624435,0.010928027331829071,-0.045420825481414795,-0.02952524460852146,-0.0069558145478367805,-0.019374258816242218,0.021025439724326134,0.025565525516867638,-0.04244355857372284,-0.026770640164613724,0.07917507737874985,-0.030279189348220825,0.05303139239549637,-0.1098620742559433,0.227910116314888,0.0316259004175663,-0.004033099859952927,0.17017099261283875,0.027948640286922455,-0.06459250301122665,0.177400603890419,-0.015354645438492298,-0.022391021251678467,-0.07742210477590561,-0.04514440521597862,-0.06334947049617767,-0.20448878407478333,-0.029039714485406876,-0.03461571782827377,-0.0010207127779722214,0.17308174073696136,-0.030703291296958923,-0.15868128836154938,0.05251850187778473,0.06149478256702423,0.1541280448436737,0.04740218445658684,0.03531263768672943,0.034476444125175476
15,19,69,601,663,610,672,605,667,9.337473201948237,9.337473201948237,253.0,228.57971014492753,121.0,0.03229771554470062,-0.05579018592834473,0.05525194853544235,0.08537421375513077,0.06061100214719772,0.017496369779109955,-0.03715243563055992,0.1570603847503662,0.07427904009819031,-0.07636969536542892,-0.05698869377374649,0.0495731383562088,0.07319584488868713,0.015949511900544167,-0.06081276014447212,0.08401484042406082,0.13522855937480927,-0.050037723034620285,-0.23444074392318726,-0.1527320146560669,-0.10558060556650162,-0.09120608866214752,0.04030461609363556,0.11791498959064484,-0.02867649495601654,-0.0063736638985574245,-0.002358671510592103,-0.07539596408605576,-0.04910247027873993,0.07886664569377899,-0.17286905646324158,-0.12364821135997772,0.051217220723629,-0.11203155666589737,0.06442417949438095,0.05920540168881416,0.07014055550098419,0.08739186078310013,-0.09744158387184143,-0.04910498484969139,0.045472271740436554,0.15490904450416565,0.01135879848152399,0.00949256494641304,-0.054703615605831146,-0.02268187887966633,0.12376000732183456,0.005580621771514416,-0.18827137351036072,-0.050545550882816315,-0.033049050718545914,0.007758196908980608,0.09171660244464874,-0.07715856283903122,0.11351471394300461,-0.11147858947515488,-0.07384175807237625,-0.0034667388536036015,0.06072767451405525,-0.126315176486969,-0.09606476873159409,-0.046591103076934814,0.00023182673612609506,-0.134176105260849,-0.05293276533484459,-0.10235204547643661,-0.08819563686847687,-0.09519801288843155,0.02935294806957245,0.14577296376228333,0.14778830111026764,0.03269634395837784,-0.031494539231061935,-0.1525266319513321,-0.17827348411083221,0.03085632063448429,-0.15662507712841034,-0.022808030247688293,-0.043198924511671066,-0.10682855546474457,-0.005894314497709274,0.06491072475910187,-0.005302171688526869,-0.08966249972581863,-0.048952117562294006,0.093599334359169,-0.0312342531979084,0.10271074622869492,-0.016277024522423744,-0.029828589409589767,0.03529941663146019,-0.03887476772069931,-0.04779081791639328,0.012735644355416298,-0.052340682595968246,0.01543817762285471,0.034237492829561234,-0.0371885821223259,-0.06168061122298241,0.057100873440504074,-0.025823844596743584,0.05512890964746475,-0.09746048599481583,0.2303558886051178,0.02533004619181156,0.05079406127333641,0.19646389782428741,0.05260908603668213,-0.08050402998924255,0.14384014904499054,-0.05631745979189873,0.007113660220056772,-0.07145964354276657,-0.06364408880472183,-0.061103757470846176,-0.1922527402639389,-0.05660976469516754,-0.06191852688789368,-0.015155362896621227,0.15408174693584442,-0.030279701575636864,-0.12732718884944916,0.04901701956987381,0.05105998367071152,0.15967392921447754,0.0793396383523941,-0.012417175807058811,0.035179924219846725
16,19,69,586,735,595,744,590,739,9.337473201948237,9.337473201948237,253.0,204.6231884057971,111.0,0.03409798815846443,-0.033079858869314194,0.04832496494054794,0.05189467966556549,0.11207202821969986,0.02305939421057701,-0.059370893985033035,0.14425241947174072,0.07863697409629822,-0.12443512678146362,-0.03796475753188133,0.041487179696559906,0.01935911364853382,0.061349429190158844,-0.0485994927585125,0.08769361674785614,0.11992544680833817,-0.032803867012262344,-0.2229415327310562,-0.17565087974071503,-0.11055919528007507,-0.08150335401296616,0.05425398796796799,0.08728444576263428,-0.00839668046683073,0.0007724630413576961,0.008181917481124401,-0.06492486596107483,-0.09773662686347961,0.04372740164399147,-0.172825887799263,-0.12407161295413971,0.044803839176893234,-0.07434970140457153,0.03620414435863495,0.0834885686635971,0.0812237560749054,0.019897745922207832,-0.1046498715877533,-0.003691835794597864,-0.012250696308910847,0.1367991715669632,0.012273191474378109,-0.007082371041178703,-0.025357261300086975,-0.04055594652891159,0.13313834369182587,-0.03893206641077995,-0.18862265348434448,-0.056854818016290665,-0.03427952155470848,-0.043821632862091064,0.05660724267363548,-0.09299631416797638,0.13287514448165894,-0.0723910853266716,-0.048542510718107224,0.013701574876904488,0.05659262835979462,-0.15060606598854065,-0.08465232700109482,-0.09377197921276093,0.016934480518102646,-0.13801275193691254,-0.05112365260720253,-0.07181670516729355,-0.08967223763465881,-0.05658970773220062,0.03541453182697296,0.09333854913711548,0.18398693203926086,0.03640221804380417,-0.041659291833639145,-0.12576261162757874,-0.12172942608594894,0.067148357629776,-0.14768585562705994,-0.014284787699580193,-0.059617381542921066,-0.12614785134792328,-0.046839725226163864,0.06854286044836044,0.0386047288775444,-0.16087380051612854,-0.04178287088871002,0.08500491827726364,-0.011741259135305882,0.07875362038612366,-0.010048070922493935,-0.08275862038135529,0.04590822756290436,-0.04381287097930908,-0.026619432494044304,0.005111544393002987,-0.061455897986888885,0.03494904562830925,0.058771759271621704,-0.06361286342144012,-0.04748716950416565,0.07485977560281754,-0.007305614184588194,0.06513037532567978,-0.11297903954982758,0.27719390392303467,-0.006773460656404495,0.01971329003572464,0.15027223527431488,0.03618292510509491,-0.09860788285732269,0.15858575701713562,-0.05504189059138298,-0.018131647258996964,-0.07187199592590332,-0.07248255610466003,-0.04365944862365723,-0.1682082563638687,-0.027985258027911186,-0.02525988407433033,0.014451987110078335,0.19423991441726685,-0.03146837651729584,-0.15567514300346375,0.06397440284490585,0.02415855973958969,0.1433015763759613,0.048010408878326416,0.017097271978855133,0.03701226785778999
17,19,69,699,721,708,730,703,725,9.337473201948237,9.337473201948237,254.0,249.91304347826087,187.0,0.018327169120311737,-0.056065913289785385,0.08359092473983765,0.06770843267440796,0.07658898830413818,0.016239676624536514,-0.042792148888111115,0.16565582156181335,0.06498073786497116,-0.08724693953990936,-0.04180947318673134,0.023159703239798546,0.02863217145204544,0.002607578644528985,-0.045373208820819855,0.08828770369291306,0.11415056884288788,-0.07768429815769196,-0.23302249610424042,-0.15184594690799713,-0.09474065154790878,-0.07644975930452347,0.01792236417531967,0.14103245735168457,-0.038176070898771286,-0.004720036406069994,0.02302411198616028,-0.050359826534986496,-0.08898752927780151,0.072817862033844,-0.17285677790641785,-0.1247599795460701,0.028293617069721222,-0.09062676876783371,0.02560538612306118,0.0869259312748909,0.09430709481239319,0.06348534673452377,-0.08690094202756882,-0.0589325986802578,0.029450254514813423,0.09601891040802002,-0.0025189686566591263,0.00872840266674757,-0.08913030475378036,-0.02523372694849968,0.13497571647167206,-0.006996226496994495,-0.1787830889225006,-0.03898954018950462,-0.03325890004634857,0.01754947565495968,0.09156353026628494,-0.07262910157442093,0.13257171213626862,-0.06758435070514679,-0.09439817816019058,0.032326504588127136,0.058618947863578796,-0.10646048933267593,-0.08465898782014847,-0.02932831272482872,-0.008712493814527988,-0.10250197350978851,-0.049463871866464615,-0.09916655719280243,-0.06307918578386307,-0.1154748797416687,0.037828825414180756,0.118046335875988,0.1342252790927887,0.011361528187990189,-0.02276444248855114,-0.1739332675933838,-0.16987456381320953,0.04632561653852463,-0.14281198382377625,-0.02715490013360977,-0.06032129004597664,-0.09599505364894867,0.0029913620091974735,0.08308249711990356,0.03210391104221344,-0.1001746878027916,-0.06347647309303284,0.0826665535569191,-0.054161105304956436,0.08757627755403519,-0.021659795194864273,-0.04813028499484062,0.06800884008407593,-0.03302377834916115,-0.04264448210597038,0.04498276486992836,-0.054196182638406754,0.0532878115773201,0.0509672574698925,-0.007744987029582262,-0.06463444232940674,0.025880971923470497,-0.033542465418577194,0.07423104345798492,-0.08582939952611923,0.30334311723709106,0.02583169750869274,0.04673127457499504,0.21205176413059235,-0.007473149336874485,-0.07964720577001572,0.13166435062885284,-0.07052291929721832,-0.030118070542812347,-0.06210670247673988,-0.06457573920488358,-0.08122365921735764,-0.17610055208206177,-0.029843425378203392,-0.04066544771194458,-0.02690233662724495,0.14076271653175354,-0.03413546457886696,-0.14614371955394745,0.07977049052715302,0.00485352473333478,0.14716535806655884,0.09032270312309265,-0.02464190684258938,0.0491558238863945
18,19,69,787,751,796,760,791,755,9.337473201948237,9.337473201948237,105.0,67.0,39.0,0.04714420437812805,-0.051470063626766205,0.05365265533328056,0.11226014047861099,0.0819953978061676,0.06374800205230713,-0.05031522363424301,0.10990524291992188,0.08868271857500076,-0.08262034505605698,-0.01755058392882347,0.057348836213350296,0.0008643288747407496,0.07691151648759842,-0.06183064356446266,0.0648246631026268,0.1565498411655426,0.007448193151503801,-0.14312681555747986,-0.10819574445486069,-0.10884587466716766,-0.08764112740755081,0.057547155767679214,0.04120142012834549,-0.0023422278463840485,-0.06089841201901436,-0.07953603565692902,-0.1414295881986618,-0.057571202516555786,0.06342106312513351,-0.12783125042915344,-0.10114215314388275,0.13024160265922546,-0.05808320268988609,0.058552999049425125,0.0755411759018898,0.04075676202774048,0.05743378400802612,-0.12027491629123688,0.04205809906125069,-0.09863953292369843,0.1343732327222824,-0.043473582714796066,0.0022206699941307306,-0.007430204655975103,-0.06565626710653305,0.1388799548149109,-0.031547483056783676,-0.20069067180156708,-0.08239415287971497,-0.03284140303730965,-0.08601062744855881,0.04950827732682228,-0.14633296430110931,0.034263789653778076,-0.08507096767425537,-0.08259031176567078,-0.042788852006196976,0.11873914301395416,-0.20117980241775513,-0.10404898971319199,-0.10356180369853973,-0.0038330843672156334,-0.18038490414619446,-0.05500030145049095,-0.03127714619040489,-0.07567287981510162,-0.002312841359525919,0.024437904357910156,0.1693461686372757,0.21945804357528687,0.08915317803621292,-0.014291550032794476,-0.09975166618824005,-0.11455167084932327,0.01739886961877346,-0.11385326087474823,0.04011569172143936,-0.03556784242391586,-0.07971462607383728,-0.10868629813194275,0.04995470121502876,0.025730304419994354,-0.1401011198759079,-0.05134556069970131,0.09142906218767166,0.053798429667949677,0.07088024914264679,0.045962657779455185,-0.10639641433954239,-0.03237605467438698,-0.04923929274082184,-0.06985878944396973,-0.027103694155812263,-0.02476731315255165,0.012487721629440784,0.03276597335934639,-0.06192178651690483,0.003084703115746379,0.11313479393720627,-0.03680809587240219,0.07114558666944504,-0.1703379899263382,0.15544393658638,0.01940120942890644,-0.014733939431607723,0.1119512990117073,0.12110733240842819,-0.04556185379624367,0.17934267222881317,0.02432907745242119,-0.04333243519067764,-0.09483373165130615,-0.04428406059741974,-0.042289406061172485,-0.15555931627750397,-0.0043128360994160175,-0.0419934019446373,-0.004151423927396536,0.16073787212371826,-0.053820881992578506,-0.13183774054050446,0.011348702944815159,0.03614988550543785,0.13418427109718323,0.0006425367319025099,0.04819636046886444,0.022555695846676826
19,19,78,834,794,844,803,838,798,10.441534419118726,9.457055431575805,80.0,57.38461538461539,41.0,0.05117786303162575,-0.04478999972343445,0.05965987592935562,0.11940392851829529,0.0770273357629776,0.07182278484106064,-0.048130881041288376,0.10916200280189514,0.08918128907680511,-0.08364152908325195,-0.012078880332410336,0.06791261583566666,-0.007023606915026903,0.07954490929841995,-0.06932802498340607,0.0632467195391655,0.1561395227909088,0.012392655946314335,-0.135226309299469,-0.0974801704287529,-0.10559723526239395,-0.07971936464309692,0.06898339837789536,0.05806027725338936,-0.003850119886919856,-0.06825286149978638,-0.08759153634309769,-0.14760743081569672,-0.05935237556695938,0.06476985663175583,-0.12163987010717392,-0.09431743621826172,0.12941528856754303,-0.06845089793205261,0.050055041909217834,0.07541082799434662,0.038571104407310486,0.0510055236518383,-0.1051030308008194,0.035308439284563065,-0.10582485795021057,0.12962424755096436,-0.051081884652376175,-0.0012529121013358235,0.005645970348268747,-0.07191917300224304,0.15304939448833466,-0.024050693958997726,-0.205362007021904,-0.08506458252668381,-0.034618575125932693,-0.08324059844017029,0.04975432530045509,-0.1522812396287918,0.03516387194395065,-0.09760601073503494,-0.08262918889522552,-0.05197387933731079,0.108090341091156,-0.20677845180034637,-0.1085006594657898,-0.09260579198598862,-0.0009946217760443687,-0.17730236053466797,-0.0490901805460453,-0.03437529131770134,-0.07181373238563538,0.0015137528534978628,0.0281553715467453,0.16654072701931,0.22926516830921173,0.0854259729385376,-0.006286790128797293,-0.09711986035108566,-0.12760822474956512,0.010377719067037106,-0.11012803763151169,0.031123563647270203,-0.03387283906340599,-0.07620605826377869,-0.11350055783987045,0.05474602431058884,0.03058464452624321,-0.1369720995426178,-0.05268027260899544,0.08756700903177261,0.059622541069984436,0.08200252801179886,0.04288139566779137,-0.10312794893980026,-0.03274819627404213,-0.04247104749083519,-0.05956830829381943,-0.03172212094068527,-0.02271987684071064,0.018450850620865822,0.023250162601470947,-0.06508641690015793,0.004431426990777254,0.11931944638490677,-0.03138460963964462,0.06675045937299728,-0.16612528264522552,0.15715718269348145,0.01806131936609745,-0.005342535674571991,0.1139049082994461,0.12203031033277512,-0.0416182279586792,0.18124273419380188,0.02520553208887577,-0.05137142911553383,-0.0874917134642601,-0.03695562481880188,-0.04108686372637749,-0.1399458795785904,-0.001086929813027382,-0.03093177266418934,-0.007786957547068596,0.1523059606552124,-0.059630680829286575,-0.13412371277809143,0.007633164990693331,0.03114226646721363,0.12689624726772308,0.0005058793467469513,0.034187451004981995,0.03128751367330551
20,19,69,873,98,882,107,877,102,9.337473201948237,9.337473201948237,116.0,86.52173913043478,53.0,0.04918055608868599,-0.03627951070666313,0.06151370331645012,0.10826151072978973,0.08370127528905869,0.051130618900060654,-0.049385394901037216,0.10416467487812042,0.08723249286413193,-0.07876124233007431,-0.015380999073386192,0.06901243329048157,0.01487316470593214,0.08217118680477142,-0.06737025082111359,0.07471112906932831,0.16045823693275452,-0.008347687311470509,-0.1436944156885147,-0.10390179604291916,-0.1134634017944336,-0.08032819628715515,0.05067627504467964,0.058900024741888046,-0.0162432212382555,-0.06537893414497375,-0.08064355701208115,-0.13255387544631958,-0.05474516376852989,0.06592226773500443,-0.12157797813415527,-0.10443993657827377,0.13588157296180725,-0.062058206647634506,0.06020452827215195,0.09359034895896912,0.044927626848220825,0.04920898377895355,-0.10367477685213089,0.03597510606050491,-0.10034166276454926,0.14642047882080078,-0.05720597878098488,-0.003655089996755123,-0.0006276026251725852,-0.07504592835903168,0.14608867466449738,-0.03386819735169411,-0.20340175926685333,-0.09048402309417725,-0.033532679080963135,-0.08137241750955582,0.04590687155723572,-0.1399415135383606,0.04131651669740677,-0.07788662612438202,-0.07920180261135101,-0.042592793703079224,0.0936112105846405,-0.20265068113803864,-0.10526563227176666,-0.11247504502534866,-0.007628017105162144,-0.17712520062923431,-0.057085681706666946,-0.035799432545900345,-0.07145491987466812,-0.004087976645678282,0.015680622309446335,0.15704892575740814,0.2121637463569641,0.07981028407812119,-0.0050765275955200195,-0.09523539990186691,-0.12858988344669342,0.021425506100058556,-0.12083373963832855,0.026808839291334152,-0.04977476969361305,-0.08343152701854706,-0.11229841411113739,0.03159068152308464,0.026738278567790985,-0.13817228376865387,-0.046283796429634094,0.08739081025123596,0.05070049315690994,0.07494255155324936,0.03809531405568123,-0.09781386703252792,-0.03765986114740372,-0.05168449506163597,-0.04890443757176399,-0.03427736461162567,-0.027129972353577614,0.0013589469017460942,0.03371920436620712,-0.07765619456768036,0.007283893413841724,0.11615028232336044,-0.025963425636291504,0.07158618420362473,-0.17529557645320892,0.1620490550994873,0.012168051674962044,-0.011578808538615704,0.1194770410656929,0.10511138290166855,-0.04290648177266121,0.19367848336696625,0.012845434248447418,-0.034380532801151276,-0.08471111953258514,-0.04830528423190117,-0.04408062621951103,-0.14908839762210846,-0.009362896904349327,-0.03934942185878754,0.011466353200376034,0.16042263805866241,-0.052605681121349335,-0.14402730762958527,0.023453952744603157,0.030135393142700195,0.13163557648658752,0.009604346007108688,0.04571087658405304,0.025829775258898735
21,19,69,936,54,945,63,940,58,9.337473201948237,9.337473201948237,52.0,37.63768115942029,27.0,0.04702822491526604,-0.047944456338882446,0.06547652930021286,0.12488269805908203,0.06802196800708771,0.07380735874176025,-0.04763472452759743,0.10345181077718735,0.08697301149368286,-0.07925629615783691,-0.02430671453475952,0.05661153420805931,-0.014367837458848953,0.0830642431974411,-0.05794467777013779,0.05565117299556732,0.1463811695575714,0.015638498589396477,-0.13343922793865204,-0.10003767162561417,-0.10488536208868027,-0.07640309631824493,0.07010316103696823,0.05399968847632408,-0.00625096308067441,-0.0682184100151062,-0.07329567521810532,-0.15791216492652893,-0.061364077031612396,0.0826868936419487,-0.11750034242868423,-0.09263414144515991,0.1307847946882248,-0.06592696905136108,0.047658585011959076,0.07715453207492828,0.04091501235961914,0.049435555934906006,-0.10257087647914886,0.03271666541695595,-0.10686423629522324,0.13579131662845612,-0.052807774394750595,-0.00015571119729429483,-0.003951652906835079,-0.07444780319929123,0.14661505818367004,-0.02612796053290367,-0.20100675523281097,-0.08638697862625122,-0.040349412709474564,-0.08713450282812119,0.050365425646305084,-0.1479901224374771,0.03793437406420708,-0.09816499054431915,-0.08259092271327972,-0.04712286591529846,0.11715685576200485,-0.2118641436100006,-0.11011608690023422,-0.09311844408512115,0.0090486416593194,-0.1754698008298874,-0.05558198317885399,-0.03749249503016472,-0.07096577435731888,0.007453571539372206,0.028512204065918922,0.16368822753429413,0.2237100601196289,0.08629338443279266,-0.008497045375406742,-0.09694410860538483,-0.12915274500846863,0.014319103211164474,-0.10722090303897858,0.03322098031640053,-0.028076549991965294,-0.07672112435102463,-0.1159360483288765,0.06409294158220291,0.018984338268637657,-0.13059251010417938,-0.05204281210899353,0.08622203022241592,0.05290290340781212,0.07327837496995926,0.03602510690689087,-0.10766315460205078,-0.023399915546178818,-0.05714712291955948,-0.06134209409356117,-0.02651139721274376,-0.019513100385665894,0.02031320333480835,0.017563296481966972,-0.06420482695102692,0.0037978573236614466,0.12319743633270264,-0.024963755160570145,0.07400855422019958,-0.1682651937007904,0.16569964587688446,0.013903416693210602,-0.00873416755348444,0.10846856981515884,0.13175220787525177,-0.03557046130299568,0.17842961847782135,0.030652683228254318,-0.05516407638788223,-0.08844926208257675,-0.03283846750855446,-0.04983736202120781,-0.1346919685602188,-0.003837655996903777,-0.03370346128940582,-0.009575548581779003,0.1593104898929596,-0.06788574904203415,-0.13335038721561432,0.0041015418246388435,0.033286988735198975,0.12767629325389862,0.0056319148279726505,0.030153457075357437,0.03301669657230377
22,19,69,963,575,972,584,967,579,9.337473201948237,9.337473201948237,254.0,242.94202898550725,148.0,0.041911520063877106,-0.05013756826519966,0.07370500266551971,0.083868607878685,0.09955313056707382,0.0006239670910872519,-0.037728242576122284,0.18217256665229797,0.04517030343413353,-0.08959023654460907,-0.057168759405612946,0.0453757718205452,0.01684732362627983,0.025966111570596695,-0.04568261280655861,0.0836624801158905,0.10476581007242203,-0.06626240909099579,-0.22170096635818481,-0.17975832521915436,-0.08805390447378159,-0.05854145064949989,0.06339152157306671,0.12678000330924988,-0.03699934110045433,-0.021934980526566505,0.02179322950541973,-0.05980081483721733,-0.0952228531241417,0.07025414705276489,-0.16193141043186188,-0.14881619811058044,0.03638441860675812,-0.10106826573610306,0.01877092942595482,0.09313724935054779,0.08459781110286713,0.07053946703672409,-0.0761236697435379,-0.025262510403990746,0.04769289493560791,0.11403273046016693,0.017405983060598373,0.009438673034310341,-0.043250225484371185,-0.039623722434043884,0.14294816553592682,0.0023363614454865456,-0.17054487764835358,-0.040705546736717224,-0.027352742850780487,0.01542329229414463,0.10770079493522644,-0.10532080382108688,0.1088671013712883,-0.0678006261587143,-0.06615652143955231,0.02866707555949688,0.05115467682480812,-0.12558534741401672,-0.07581982761621475,-0.04219362884759903,0.014490833505988121,-0.10574913769960403,-0.06151989847421646,-0.1046069860458374,-0.06148983910679817,-0.10034807026386261,0.025590568780899048,0.10532277077436447,0.1534879207611084,-0.011828368529677391,-0.023887818679213524,-0.17451131343841553,-0.17140847444534302,0.04821157082915306,-0.13377118110656738,-0.024606497958302498,-0.06983786821365356,-0.10738291591405869,-0.024421991780400276,0.06972414255142212,0.027163220569491386,-0.1119748055934906,-0.06464866548776627,0.07932061702013016,-0.03802739456295967,0.08744730800390244,-0.032307326793670654,-0.05375177413225174,0.06980039179325104,-0.028745224699378014,-0.035432230681180954,0.03691597282886505,-0.052254628390073776,0.03866852819919586,0.045419756323099136,-0.03239851072430611,-0.05248573422431946,0.028597302734851837,-0.014310856349766254,0.06472038477659225,-0.07705499231815338,0.2749357521533966,0.038054607808589935,0.036668382585048676,0.20585733652114868,0.008106562308967113,-0.10459544509649277,0.148436039686203,-0.07946950942277908,-0.03305617719888687,-0.07410086691379547,-0.057749271392822266,-0.08020903915166855,-0.18466360867023468,-0.024896740913391113,-0.036257438361644745,-0.025453614071011543,0.13673913478851318,-0.036852482706308365,-0.13792327046394348,0.07778061181306839,0.03367745876312256,0.15124189853668213,0.0636080652475357,0.01208467036485672,0.0702650398015976
23,19,69,941,812,950,821,945,816,9.337473201948237,9.337473201948237,182.0,129.82608695652175,72.0,0.039423227310180664,-0.043604861944913864,0.06418441236019135,0.09036041051149368,0.08844882994890213,0.04359038919210434,-0.03526582941412926,0.10126600414514542,0.08990427106618881,-0.08093680441379547,-0.03139834478497505,0.053343284875154495,0.01844635419547558,0.06367409229278564,-0.08152582496404648,0.07553674280643463,0.17783379554748535,-0.01242024078965187,-0.15819214284420013,-0.13946647942066193,-0.10552571713924408,-0.0833236426115036,0.03741827607154846,0.0676657184958458,-0.015524218790233135,-0.03308601304888725,-0.06809742003679276,-0.09674163162708282,-0.07455655187368393,0.04913393035531044,-0.13768123090267181,-0.11942960321903229,0.11522350460290909,-0.06995988637208939,0.07296526432037354,0.10155099630355835,0.04425257444381714,0.05093064159154892,-0.1172848641872406,0.030304111540317535,-0.07525627315044403,0.16538241505622864,-0.03833771497011185,-0.01916368491947651,0.008501315489411354,-0.06346791982650757,0.15782812237739563,-0.042341530323028564,-0.19822275638580322,-0.08189378678798676,-0.037222955375909805,-0.058195874094963074,0.046555858105421066,-0.11961614340543747,0.05855192616581917,-0.05244963616132736,-0.06983635574579239,-0.027583368122577667,0.08783455938100815,-0.18188659846782684,-0.09847622364759445,-0.09442221373319626,-0.013407467864453793,-0.168426975607872,-0.06662264466285706,-0.04916129633784294,-0.08222539722919464,-0.012891381978988647,0.003315870650112629,0.17066927254199982,0.19502097368240356,0.0791841447353363,-0.02440519630908966,-0.10538648068904877,-0.14359478652477264,0.034521423280239105,-0.12664254009723663,0.015115628950297832,-0.06360848248004913,-0.1039927676320076,-0.08823032677173615,0.031104132533073425,0.03162255510687828,-0.12814466655254364,-0.04159093648195267,0.08346030116081238,0.045837562531232834,0.07789444178342819,0.03149135783314705,-0.0918131172657013,-0.025703411549329758,-0.03881359472870827,-0.035387009382247925,-0.0295161884278059,-0.028172321617603302,0.000690218061208725,0.02000346966087818,-0.06972990185022354,-0.007556628901511431,0.10859528183937073,-0.020360711961984634,0.062334153801202774,-0.16413810849189758,0.18747322261333466,0.013450353406369686,-0.025974761694669724,0.12114333361387253,0.09452763199806213,-0.046529147773981094,0.19780641794204712,-0.0002811321464832872,-0.030407503247261047,-0.09213055670261383,-0.03906876593828201,-0.05549629405140877,-0.17935095727443695,-0.01966783031821251,-0.04711490496993065,0.00972802098840475,0.1695013791322708,-0.04760017991065979,-0.1522725522518158,0.04976184293627739,0.03348729759454727,0.12621130049228668,0.023615887388586998,0.052005067467689514,0.027420122176408768
24,19,78,893,898,902,908,897,902,10.441534419118726,9.457055431575805,86.0,65.5,30.0,0.05621160939335823,-0.048232559114694595,0.058203283697366714,0.11067868024110794,0.0692535787820816,0.06745173037052155,-0.04584350436925888,0.10697954148054123,0.08897419273853302,-0.08571097999811172,-0.013131252489984035,0.05878308787941933,-0.0015250627184286714,0.07776771485805511,-0.06421535462141037,0.07038968056440353,0.14910978078842163,0.009378303773701191,-0.13274557888507843,-0.10703300684690475,-0.10342872887849808,-0.07297413796186447,0.06123644486069679,0.056945525109767914,-0.0003661228693090379,-0.0633959025144577,-0.08288847655057907,-0.1462322622537613,-0.05289484187960625,0.06423348933458328,-0.1231241300702095,-0.09982022643089294,0.12998636066913605,-0.06227201223373413,0.0623379647731781,0.08062944561243057,0.04012409970164299,0.05077560245990753,-0.10289525985717773,0.04258289560675621,-0.11106651276350021,0.13705721497535706,-0.045506637543439865,-0.008035046048462391,0.013211413286626339,-0.07297144085168839,0.14028233289718628,-0.0359385684132576,-0.20374228060245514,-0.08388003706932068,-0.03417632356286049,-0.0823383703827858,0.05545597895979881,-0.1441952884197235,0.03997080400586128,-0.09609472751617432,-0.07542400062084198,-0.04801776260137558,0.10963752865791321,-0.2115524560213089,-0.10421192646026611,-0.09698193520307541,-0.004081275314092636,-0.1735270917415619,-0.049934256821870804,-0.04166535660624504,-0.07901125401258469,0.008246057666838169,0.017531948164105415,0.1696281135082245,0.21894244849681854,0.09408821910619736,-0.0170332919806242,-0.10348504781723022,-0.12727981805801392,0.012694520875811577,-0.10799873620271683,0.033809930086135864,-0.03419753909111023,-0.08030611276626587,-0.1112266406416893,0.06049592047929764,0.017913952469825745,-0.13676755130290985,-0.041072335094213486,0.0943935438990593,0.05526192858815193,0.07299046963453293,0.044599853456020355,-0.11078819632530212,-0.02679683454334736,-0.04776890575885773,-0.06395961344242096,-0.03217340633273125,-0.02018946036696434,0.014316474087536335,0.027411753311753273,-0.06676599383354187,0.0007681890856474638,0.1189846470952034,-0.03217802941799164,0.07519993931055069,-0.17242734134197235,0.15816280245780945,0.01744060404598713,-0.012121614068746567,0.11251108348369598,0.12013812363147736,-0.03800554573535919,0.1850600242614746,0.02925378829240799,-0.04105573520064354,-0.08287566155195236,-0.03657977655529976,-0.04773600026965141,-0.14720939099788666,-0.021024512127041817,-0.036975737661123276,-0.0012696628691628575,0.15346449613571167,-0.06025213003158569,-0.14232243597507477,0.011998397298157215,0.029511714354157448,0.1272706240415573,0.003266364336013794,0.04174104705452919,0.03483084961771965
25,19,69,831,948,840,957,835,952,9.337473201948237,9.337473201948237,80.0,55.69565217391305,31.0,0.05411309003829956,-0.054990772157907486,0.058369722217321396,0.1172047033905983,0.06627705693244934,0.07040099054574966,-0.04854278266429901,0.10426764190196991,0.08861901611089706,-0.08754780143499374,-0.024116946384310722,0.06053601950407028,-0.00874941423535347,0.07822684198617935,-0.058954641222953796,0.062117282301187515,0.14597943425178528,0.01520097441971302,-0.13200190663337708,-0.1031975969672203,-0.10205087065696716,-0.08001866936683655,0.0631384328007698,0.05074352025985718,-0.005726671312004328,-0.07062835991382599,-0.08398786187171936,-0.15296821296215057,-0.05545295774936676,0.06925997138023376,-0.12184851616621017,-0.09468282759189606,0.13161394000053406,-0.06311534345149994,0.05465508624911308,0.08060882985591888,0.04016036167740822,0.054890427738428116,-0.11185392737388611,0.040188271552324295,-0.10643699765205383,0.13459956645965576,-0.04529847949743271,0.00118644826579839,-0.0006628341507166624,-0.075715571641922,0.1420416533946991,-0.030658377334475517,-0.1991862654685974,-0.0788702517747879,-0.03965890035033226,-0.08352615684270859,0.048529963940382004,-0.1476632058620453,0.031758349388837814,-0.10022736340761185,-0.08090344816446304,-0.05200881138443947,0.11444412916898727,-0.21175174415111542,-0.10911649465560913,-0.09975923597812653,0.005417719017714262,-0.17932677268981934,-0.051772650331258774,-0.03304360434412956,-0.07696057856082916,0.0015155543806031346,0.015031011775135994,0.1575620472431183,0.22007644176483154,0.08557963371276855,-0.011849673464894295,-0.09713903069496155,-0.12024900317192078,0.012481403537094593,-0.10814232379198074,0.034718770533800125,-0.037125375121831894,-0.0773109644651413,-0.1111726313829422,0.06100349873304367,0.02071116305887699,-0.13708829879760742,-0.04938100278377533,0.09357330203056335,0.05431168153882027,0.06833697855472565,0.04335511475801468,-0.1102946400642395,-0.025347596034407616,-0.05419773980975151,-0.06670673936605453,-0.02714443951845169,-0.021876320242881775,0.01888456754386425,0.023579802364110947,-0.05858486890792847,-0.0014087897725403309,0.12562765181064606,-0.031943466514348984,0.07112482935190201,-0.1691758930683136,0.16375724971294403,0.017391890287399292,-0.007179601583629847,0.11802234500646591,0.1209661066532135,-0.040262434631586075,0.18931932747364044,0.027153117582201958,-0.039937574416399,-0.08759258687496185,-0.028213733807206154,-0.04736189916729927,-0.14533716440200806,-0.005799931939691305,-0.03380145877599716,-0.006426161155104637,0.15523061156272888,-0.062341053038835526,-0.13305304944515228,0.0038016329053789377,0.031600650399923325,0.12903572618961334,0.005265371408313513,0.04200411215424538,0.034453872591257095
26,19,69,727,948,736,957,731,952,9.337473201948237,9.337473201948237,89.0,60.44927536231884,31.0,0.05006205663084984,-0.04910102114081383,0.06363499164581299,0.12105612456798553,0.0757286325097084,0.06678188592195511,-0.05060144141316414,0.09831263870000839,0.09492094814777374,-0.08642234653234482,-0.015411240980029106,0.058148130774497986,0.0004178173840045929,0.07396022975444794,-0.06485052406787872,0.06295739114284515,0.15612512826919556,0.012436416931450367,-0.1377319097518921,-0.10209809243679047,-0.10915439575910568,-0.08730944991111755,0.05698118731379509,0.05657299607992172,0.002046334557235241,-0.06870922446250916,-0.08009274303913116,-0.14790935814380646,-0.05155864357948303,0.07400570064783096,-0.12197284400463104,-0.09240603446960449,0.1298721879720688,-0.06084517762064934,0.054983220994472504,0.08383428305387497,0.0380551852285862,0.0544130764901638,-0.10990836471319199,0.036027248948812485,-0.10618928074836731,0.13729465007781982,-0.0537121556699276,0.0015318515943363309,0.00033693923614919186,-0.06917068362236023,0.1443410962820053,-0.02943512797355652,-0.1976270079612732,-0.0876220092177391,-0.028273368254303932,-0.08536224812269211,0.05305774137377739,-0.14965732395648956,0.033420611172914505,-0.08990982174873352,-0.08297032862901688,-0.051510244607925415,0.11817783862352371,-0.21077309548854828,-0.10253040492534637,-0.09607633948326111,-0.00765985855832696,-0.17496275901794434,-0.051945846527814865,-0.03482668474316597,-0.07863612473011017,0.0076888445764780045,0.021621132269501686,0.1641494631767273,0.22756117582321167,0.09057988226413727,-0.007061871234327555,-0.09877342730760574,-0.12430015951395035,0.01202439982444048,-0.10743095725774765,0.03163764253258705,-0.03311586380004883,-0.06975752115249634,-0.11223874986171722,0.055207185447216034,0.02174767479300499,-0.1366794854402542,-0.04366150125861168,0.0890515074133873,0.052180610597133636,0.07928919792175293,0.03835226222872734,-0.10523521900177002,-0.032756101340055466,-0.05055149644613266,-0.06787402182817459,-0.026994748041033745,-0.01725829392671585,0.012139242142438889,0.021670490503311157,-0.062252745032310486,0.0039054760709404945,0.11531158536672592,-0.03372250124812126,0.0738888680934906,-0.17126011848449707,0.157730832695961,0.013312294147908688,-0.005705794785171747,0.11391740292310715,0.11584897339344025,-0.03730510175228119,0.17929399013519287,0.027381855994462967,-0.039268188178539276,-0.09231173247098923,-0.034807831048965454,-0.04730025678873062,-0.15251536667346954,-0.0052901944145560265,-0.035990700125694275,-0.0079411081969738,0.15349991619586945,-0.06482864916324615,-0.13150206208229065,0.007482442073523998,0.026391368359327316,0.13346494734287262,0.003421315224841237,0.03813377767801285,0.024352123960852623
27,19,69,692,985,701,994,696,989,9.337473201948237,9.337473201948237,164.0,113.89855072463769,41.0,0.0361560583114624,-0.04396943747997284,0.06957884877920151,0.0940404012799263,0.09389691799879074,0.03304584324359894,-0.04429178312420845,0.10502506047487259,0.09052067995071411,-0.07392929494380951,-0.022720906883478165,0.08176121860742569,0.04026053100824356,0.057391103357076645,-0.06098358333110809,0.0853206217288971,0.16168935596942902,0.0013626632280647755,-0.13577191531658173,-0.13078521192073822,-0.12056023627519608,-0.08645861595869064,0.047397222369909286,0.054308339953422546,0.005307907238602638,-0.04424648731946945,-0.07301755249500275,-0.10933111608028412,-0.054367054253816605,0.06174891069531441,-0.13106074929237366,-0.122127003967762,0.1481746882200241,-0.06855560094118118,0.06080567464232445,0.0755537822842598,0.04411233216524124,0.05797482281923294,-0.12501612305641174,0.034147340804338455,-0.06383754312992096,0.15998664498329163,-0.0481240339577198,-0.006730546709150076,0.015751982107758522,-0.06388847529888153,0.14398784935474396,-0.04621467366814613,-0.1894109696149826,-0.08718447387218475,-0.0431625135242939,-0.0676540657877922,0.03816193714737892,-0.12678875029087067,0.060313500463962555,-0.06801115721464157,-0.06132695823907852,-0.034723926335573196,0.09546270966529846,-0.18885855376720428,-0.10315664112567902,-0.09721427410840988,0.0031909076496958733,-0.17297761142253876,-0.07189003378152847,-0.04205477982759476,-0.07804685086011887,-0.010372186079621315,0.02155814878642559,0.16489973664283752,0.2054259330034256,0.07112367451190948,-0.02718937210738659,-0.11014141887426376,-0.13707856833934784,0.028568075969815254,-0.12474195659160614,0.014984196983277798,-0.0509040430188179,-0.09518139064311981,-0.09685342758893967,0.03434862568974495,0.02326364442706108,-0.1511547863483429,-0.03176116198301315,0.0904158428311348,0.038721539080142975,0.063169926404953,0.01565110869705677,-0.10539371520280838,-0.043443337082862854,-0.021624987944960594,-0.06193859502673149,-0.029685640707612038,-0.009309387765824795,0.0031495639123022556,0.021327806636691093,-0.08109075576066971,0.0038100583478808403,0.10540778934955597,-0.029626645147800446,0.06980215758085251,-0.17296408116817474,0.1651124656200409,0.0029149572364985943,-0.014446554705500603,0.11252857744693756,0.09519068896770477,-0.0430976040661335,0.20150992274284363,0.0045492444187402725,-0.027955351397395134,-0.0895758643746376,-0.05489996820688248,-0.03494442626833916,-0.18239928781986237,-0.018340807408094406,-0.053202711045742035,0.009765624068677425,0.1678551584482193,-0.049084149301052094,-0.12502965331077576,0.05686270818114281,0.04695013910531998,0.13364197313785553,0.00920206680893898,0.05899256467819214,0.015198364853858948
29,19,69,511,971,520,980,515,975,9.337473201948237,9.337473201948237,114.0,72.4927536231884,31.0,0.04754796251654625,-0.04176091030240059,0.062430575489997864,0.10859819501638412,0.08384286612272263,0.05528031662106514,-0.045914050191640854,0.10674314200878143,0.08641086518764496,-0.07928887754678726,-0.008373899385333061,0.06994890421628952,0.008877762593328953,0.08094250410795212,-0.07782059162855148,0.07548385113477707,0.15860575437545776,-0.004140848759561777,-0.13462209701538086,-0.09988477826118469,-0.10878875851631165,-0.08773886412382126,0.05805656313896179,0.06286660581827164,-0.01841035485267639,-0.07139400392770767,-0.08214643597602844,-0.1385381668806076,-0.044584207236766815,0.05692561715841293,-0.12073889374732971,-0.0995718240737915,0.1361379325389862,-0.059615399688482285,0.05697367712855339,0.08894036710262299,0.038583043962717056,0.04903348162770271,-0.1123419776558876,0.03939532861113548,-0.10757558047771454,0.15041719377040863,-0.0653589740395546,-0.005892077926546335,0.005563902668654919,-0.06985623389482498,0.15218132734298706,-0.03136488422751427,-0.20295463502407074,-0.09558356553316116,-0.046060286462306976,-0.08179527521133423,0.04644763469696045,-0.13937145471572876,0.03208234906196594,-0.08091282099485397,-0.06295806169509888,-0.05316359922289848,0.09649094939231873,-0.2087698131799698,-0.10374066978693008,-0.10725916922092438,-0.014904962852597237,-0.17560900747776031,-0.057231705635786057,-0.03816896304488182,-0.07713253051042557,-0.002178944880142808,0.018276473507285118,0.1675097644329071,0.21117767691612244,0.08484650403261185,-0.01022245641797781,-0.09994373470544815,-0.12408486008644104,0.014973022043704987,-0.12221429497003555,0.032171085476875305,-0.04024769738316536,-0.09117483347654343,-0.11386621743440628,0.046218063682317734,0.03290128335356712,-0.1362396627664566,-0.04458659514784813,0.08740118145942688,0.04834775999188423,0.07737593352794647,0.03346894681453705,-0.08628004044294357,-0.03330299258232117,-0.0414828360080719,-0.052090104669332504,-0.04350723698735237,-0.02030118741095066,-0.004552514757961035,0.03233300521969795,-0.07756868004798889,0.004495288245379925,0.11902858316898346,-0.028799811378121376,0.07417064905166626,-0.16993141174316406,0.15447747707366943,0.013441221788525581,-0.009200486354529858,0.1132144033908844,0.10180588811635971,-0.03537328541278839,0.19479025900363922,0.018505798652768135,-0.037904754281044006,-0.08105939626693726,-0.045844174921512604,-0.04552701860666275,-0.15548712015151978,-0.01792803220450878,-0.03158150985836983,0.011860350146889687,0.15597020089626312,-0.05038909241557121,-0.14169012010097504,0.017870616167783737,0.02373553439974785,0.12282074987888336,-0.001686002011410892,0.04565520957112312,0.021641025319695473
32,19,69,715,766,724,775,719,770,9.337473201948237,9.337473201948237,82.0,59.7536231884058,25.0,0.05381936952471733,-0.05430678278207779,0.055773328989744186,0.12000364810228348,0.07371614128351212,0.06838148087263107,-0.04609237238764763,0.10954246670007706,0.09045697748661041,-0.08025477081537247,-0.018860971555113792,0.05759496986865997,-0.002260990906506777,0.07952441275119781,-0.057421211153268814,0.06072573363780975,0.15397010743618011,0.019078543409705162,-0.1349082738161087,-0.10392466187477112,-0.10696859657764435,-0.08063498139381409,0.06285594403743744,0.0508849136531353,-0.0015828759642317891,-0.06139424443244934,-0.08795297145843506,-0.1502116322517395,-0.05578477308154106,0.06941524893045425,-0.12037386000156403,-0.09551612287759781,0.13260066509246826,-0.05561991408467293,0.05087019130587578,0.08042283356189728,0.04159599170088768,0.05311943218111992,-0.11200129985809326,0.03638378530740738,-0.10169348865747452,0.13118858635425568,-0.04357277229428291,-0.0032715126872062683,0.00019178407092113048,-0.06935283541679382,0.1403186172246933,-0.03342801332473755,-0.19333919882774353,-0.08191786706447601,-0.036543574184179306,-0.08587218075990677,0.047503892332315445,-0.1446477621793747,0.04248163476586342,-0.0991680696606636,-0.08229868113994598,-0.04366086423397064,0.11218097805976868,-0.20353570580482483,-0.11503931879997253,-0.10560186952352524,0.007249900605529547,-0.18033277988433838,-0.05457744747400284,-0.029060333967208862,-0.06771313399076462,0.010095810517668724,0.022141171619296074,0.1655971258878708,0.22219660878181458,0.09315136075019836,-0.017829038202762604,-0.09554079920053482,-0.11610237509012222,0.022177107632160187,-0.10742524266242981,0.03615766018629074,-0.030003683641552925,-0.07991054654121399,-0.10982774198055267,0.06283753365278244,0.023111239075660706,-0.14138871431350708,-0.050085026770830154,0.08919376134872437,0.05687370523810387,0.06515175104141235,0.04353442043066025,-0.10555613785982132,-0.03280031308531761,-0.05246756598353386,-0.0700070783495903,-0.022376038134098053,-0.021919377148151398,0.012001723051071167,0.024277327582240105,-0.06262879073619843,0.006035604514181614,0.12393691390752792,-0.03644737973809242,0.07000501453876495,-0.17773108184337616,0.16559283435344696,0.012278619222342968,-0.009606964886188507,0.11134788393974304,0.12414038181304932,-0.038959912955760956,0.1829833984375,0.027079202234745026,-0.04602822661399841,-0.08554884046316147,-0.03782029449939728,-0.038053859025239944,-0.1480197012424469,-0.004197386559098959,-0.03962596133351326,-0.005401866976171732,0.15992970764636993,-0.059353750199079514,-0.13365846872329712,0.007773564662784338,0.030074436217546463,0.12758421897888184,0.000663360464386642,0.04578103870153427,0.02563389390707016
34,19,69,717,825,726,834,721,829,9.337473201948237,9.337473201948237,107.0,76.18840579710145,37.0,0.048047035932540894,-0.04829108342528343,0.051589880138635635,0.11435388028621674,0.07497050613164902,0.0618707537651062,-0.052502281963825226,0.10378839075565338,0.08950295299291611,-0.08492392301559448,-0.015758227556943893,0.06511561572551727,0.005458264146000147,0.07499007880687714,-0.06005619838833809,0.07250009477138519,0.15393318235874176,-0.008674933575093746,-0.1379643678665161,-0.1114969253540039,-0.11288002133369446,-0.09004934877157211,0.052252233028411865,0.06034581735730171,-0.001145922695286572,-0.0573262982070446,-0.084054134786129,-0.13775946199893951,-0.045328978449106216,0.06125577539205551,-0.127241313457489,-0.11127819120883942,0.13038305938243866,-0.05311490222811699,0.061712682247161865,0.07446915656328201,0.034981973469257355,0.05318088084459305,-0.11841990053653717,0.04223015531897545,-0.09280885756015778,0.1410728394985199,-0.05172247439622879,-0.010664781555533409,0.0018200521590188146,-0.07352660596370697,0.1325364112854004,-0.034504786133766174,-0.19515599310398102,-0.0825609639286995,-0.035458214581012726,-0.07787496596574783,0.04655873030424118,-0.1424921154975891,0.03941312059760094,-0.08516419678926468,-0.07301298528909683,-0.0365317240357399,0.11823364347219467,-0.1986297070980072,-0.11409948021173477,-0.10771044343709946,-0.0029962060507386923,-0.17320206761360168,-0.0501956082880497,-0.03317413479089737,-0.07739944010972977,0.003696070285513997,0.022496210411190987,0.16619999706745148,0.21450896561145782,0.08200449496507645,-0.018476447090506554,-0.09666738659143448,-0.12997709214687347,0.027435822412371635,-0.11708565056324005,0.04075687751173973,-0.02964474819600582,-0.08830930292606354,-0.10899124294519424,0.04511310160160065,0.03269951418042183,-0.14667251706123352,-0.0477401502430439,0.09837057441473007,0.03816037252545357,0.07427267730236053,0.046308279037475586,-0.10469632595777512,-0.034164413809776306,-0.04016750305891037,-0.06043615937232971,-0.0323333702981472,-0.026408398523926735,0.006874247454106808,0.03921479359269142,-0.064620241522789,0.003446290036663413,0.11329355090856552,-0.031863804906606674,0.0792064443230629,-0.17298512160778046,0.1558818221092224,0.0118985241279006,-0.01032940298318863,0.11674182116985321,0.115121029317379,-0.04013495519757271,0.1842191219329834,0.01890779845416546,-0.042325109243392944,-0.10253342241048813,-0.040205229073762894,-0.044956307858228683,-0.1558031439781189,-0.0073196967132389545,-0.04137173667550087,0.0006228206912055612,0.1601884514093399,-0.05419989675283432,-0.13802531361579895,0.02105475775897503,0.035435911267995834,0.1321209967136383,0.010688244365155697,0.04814942926168442,0.023712148889899254
36,19,69,171,839,180,848,175,843,9.337473201948237,9.337473201948237,121.0,91.53623188405797,45.0,0.04894471541047096,-0.04336123168468475,0.06846029311418533,0.10465256124734879,0.0925818532705307,0.05402771756052971,-0.042532265186309814,0.09605086594820023,0.08673155307769775,-0.0813668891787529,-0.014462356455624104,0.07217463105916977,0.01767147146165371,0.07843253016471863,-0.07108161598443985,0.07116420567035675,0.16152651607990265,0.0016644521383568645,-0.13909175992012024,-0.12359736114740372,-0.11559966951608658,-0.08257797360420227,0.04887356236577034,0.06947585195302963,-0.009133480489253998,-0.05552518367767334,-0.08093933016061783,-0.12709446251392365,-0.04846487194299698,0.061842650175094604,-0.1193222925066948,-0.1107601523399353,0.12971904873847961,-0.06827786564826965,0.06363652646541595,0.08404112607240677,0.03561435639858246,0.059383049607276917,-0.11487330496311188,0.043557774275541306,-0.09167075902223587,0.158836230635643,-0.051887668669223785,-0.015013862401247025,0.012908431701362133,-0.07268185168504715,0.13855890929698944,-0.03490280359983444,-0.19799570739269257,-0.0959039106965065,-0.04032573476433754,-0.07012555748224258,0.0414615161716938,-0.13320036232471466,0.04720160365104675,-0.06733671575784683,-0.06357187032699585,-0.042385298758745193,0.10236158221960068,-0.210883229970932,-0.11159003525972366,-0.09895812720060349,-0.010366367176175117,-0.1766163855791092,-0.05970723181962967,-0.03167843073606491,-0.08548843860626221,0.003663503797724843,3.797775934799574e-05,0.15803810954093933,0.21098119020462036,0.08030592650175095,-0.005431570578366518,-0.09446876496076584,-0.13336502015590668,0.03252397105097771,-0.11785566061735153,0.029674343764781952,-0.04044761508703232,-0.09076441824436188,-0.11114129424095154,0.039015620946884155,0.025632355362176895,-0.14016853272914886,-0.03929055854678154,0.09360934793949127,0.04748035967350006,0.08027918636798859,0.03747265413403511,-0.08780932426452637,-0.031116176396608353,-0.047619014978408813,-0.04631168767809868,-0.035439714789390564,-0.029287701472640038,-0.0061269644647836685,0.027843181043863297,-0.07502808421850204,0.0026662172749638557,0.12030205875635147,-0.026749372482299805,0.08290751278400421,-0.1695508360862732,0.1635776311159134,0.015730513259768486,-0.007395271211862564,0.11518789827823639,0.10234549641609192,-0.03527678921818733,0.1881173849105835,0.01674797385931015,-0.03709528595209122,-0.0830608382821083,-0.046145301312208176,-0.04749004542827606,-0.15570105612277985,-0.010470141656696796,-0.034711871296167374,0.006378292106091976,0.16842032968997955,-0.05623824521899223,-0.14211928844451904,0.029308153316378593,0.029200062155723572,0.12460780143737793,0.004234637133777142,0.0420076884329319,0.01745300367474556
37,19,69,150,785,159,794,154,789,9.337473201948237,9.337473201948237,103.0,80.65217391304348,46.0,0.04778965935111046,-0.04398787394165993,0.05904160439968109,0.11200381815433502,0.08794645220041275,0.061740677803754807,-0.044045981019735336,0.10044258087873459,0.0855923667550087,-0.08052422851324081,-0.019455483183264732,0.06942324340343475,0.010092892684042454,0.07817915827035904,-0.07031618058681488,0.0769755095243454,0.16277186572551727,0.0033342267852276564,-0.13230666518211365,-0.10517293959856033,-0.11220713704824448,-0.08465951681137085,0.059805985540151596,0.060616131871938705,-0.013751466758549213,-0.06552756577730179,-0.07830716669559479,-0.13835185766220093,-0.05015690624713898,0.058015353977680206,-0.1187741681933403,-0.10441850870847702,0.13311529159545898,-0.06826083362102509,0.05686197802424431,0.08918479084968567,0.041690703481435776,0.05145067349076271,-0.11072804033756256,0.045166634023189545,-0.10175894945859909,0.14566172659397125,-0.0605916902422905,-0.007833896204829216,0.00395481800660491,-0.0785415917634964,0.14605456590652466,-0.02874724380671978,-0.20117074251174927,-0.09589051455259323,-0.038595445454120636,-0.07654064893722534,0.047145772725343704,-0.13548775017261505,0.0392010323703289,-0.07862311601638794,-0.07169646769762039,-0.04181941598653793,0.10936229676008224,-0.20483781397342682,-0.10722404718399048,-0.10270967334508896,-0.013049129396677017,-0.17211925983428955,-0.06049472093582153,-0.030638648197054863,-0.07749271392822266,0.0026722990442067385,0.012495466507971287,0.16003106534481049,0.20599490404129028,0.08237655460834503,-0.004040520638227463,-0.09753486514091492,-0.12862004339694977,0.019819075241684914,-0.12123467773199081,0.027176395058631897,-0.03496283292770386,-0.08944296836853027,-0.11828064918518066,0.03812147304415703,0.034927740693092346,-0.1465836614370346,-0.04956302046775818,0.08950885385274887,0.05292618274688721,0.07692177593708038,0.036126863211393356,-0.09877106547355652,-0.036735814064741135,-0.048572391271591187,-0.04935963451862335,-0.04145267233252525,-0.028904715552926064,0.0013710861094295979,0.028152603656053543,-0.0727430135011673,0.00821619387716055,0.11300133913755417,-0.027605386450886726,0.07879183441400528,-0.16978399455547333,0.15914389491081238,0.013976145535707474,-0.009157948195934296,0.11796276271343231,0.11124441772699356,-0.04164790362119675,0.19059088826179504,0.01954042911529541,-0.04332495853304863,-0.08551298826932907,-0.04828345775604248,-0.050456855446100235,-0.15010198950767517,-0.014001622796058655,-0.02657456323504448,0.005659283604472876,0.1575133353471756,-0.056594494730234146,-0.13710539042949677,0.018829936161637306,0.025556452572345734,0.1282254010438919,-0.0018982674228027463,0.04656047001481056,0.025597412139177322
