id,seg_label,frame_num,area,min_row_bb,min_col_bb,max_row_bb,max_col_bb,centroid_row,centroid_col,major_axis_length,minor_axis_length,max_intensity,mean_intensity,min_intensity,feat_0,feat_1,feat_2,feat_3,feat_4,feat_5,feat_6,feat_7,feat_8,feat_9,feat_10,feat_11,feat_12,feat_13,feat_14,feat_15,feat_16,feat_17,feat_18,feat_19,feat_20,feat_21,feat_22,feat_23,feat_24,feat_25,feat_26,feat_27,feat_28,feat_29,feat_30,feat_31,feat_32,feat_33,feat_34,feat_35,feat_36,feat_37,feat_38,feat_39,feat_40,feat_41,feat_42,feat_43,feat_44,feat_45,feat_46,feat_47,feat_48,feat_49,feat_50,feat_51,feat_52,feat_53,feat_54,feat_55,feat_56,feat_57,feat_58,feat_59,feat_60,feat_61,feat_62,feat_63,feat_64,feat_65,feat_66,feat_67,feat_68,feat_69,feat_70,feat_71,feat_72,feat_73,feat_74,feat_75,feat_76,feat_77,feat_78,feat_79,feat_80,feat_81,feat_82,feat_83,feat_84,feat_85,feat_86,feat_87,feat_88,feat_89,feat_90,feat_91,feat_92,feat_93,feat_94,feat_95,feat_96,feat_97,feat_98,feat_99,feat_100,feat_101,feat_102,feat_103,feat_104,feat_105,feat_106,feat_107,feat_108,feat_109,feat_110,feat_111,feat_112,feat_113,feat_114,feat_115,feat_116,feat_117,feat_118,feat_119,feat_120,feat_121,feat_122,feat_123,feat_124,feat_125,feat_126,feat_127
25,25,90,2336,521,346,584,398,554,372,62.38106442128234,48.37367259895402,338.0,118.51070205479452,82.0,0.050364479422569275,0.029022259637713432,-0.023079611361026764,0.1247599646449089,0.050935473293066025,-0.04281732067465782,0.004240286070853472,-0.1116863340139389,0.034277208149433136,-0.07604231685400009,-0.12488429993391037,-0.05843830108642578,0.021757278591394424,0.0050826529040932655,0.06723742932081223,-0.0842338427901268,0.023973410949110985,0.07858873158693314,0.050213199108839035,0.0848265066742897,-0.06928271055221558,-0.1651948094367981,-0.05391993373632431,0.04366772994399071,-0.09907030314207077,-0.069916270673275,-0.12792839109897614,0.06772276014089584,0.005785222630947828,-0.21666696667671204,0.10404732823371887,0.11241719871759415,-0.21868303418159485,0.14048460125923157,-0.05016087740659714,-0.013408650644123554,-0.11028815060853958,-0.02128787897527218,0.018421616405248642,0.023371737450361252,-0.01738833077251911,0.030486181378364563,0.005899456329643726,-0.061998333781957626,-0.061595525592565536,0.030933013185858727,0.024972854182124138,0.025914842262864113,0.07354071736335754,0.020383285358548164,-0.12056665867567062,-0.07282069325447083,-0.24635107815265656,-0.13418048620224,-0.07288715988397598,-0.14058628678321838,0.019365621730685234,0.029841750860214233,-0.18911199271678925,-0.14309334754943848,-0.12611223757266998,-0.1598242074251175,-0.09331458806991577,0.09193551540374756,0.0342429056763649,0.02174922451376915,-0.10500720143318176,0.005267339292913675,-0.09212934970855713,-0.10668984800577164,0.08515165746212006,0.026259180158376694,0.03263898193836212,0.020470930263400078,-0.07987239211797714,-0.0969514325261116,0.01186199951916933,-0.10487089306116104,-0.1298978179693222,-0.13180917501449585,0.035782646387815475,-0.10716480016708374,0.01514181587845087,0.061754968017339706,-0.11252446472644806,-0.05551879480481148,0.10831677168607712,-0.05199024826288223,-0.12999866902828217,0.03626225143671036,-0.0019428068771958351,0.07558254897594452,-0.023640701547265053,-0.21341648697853088,-0.047115933150053024,-0.027351977303624153,-0.02045091800391674,-0.07484997808933258,0.07290150225162506,0.0019002837361767888,-0.06884283572435379,0.08539695292711258,0.128419890999794,0.09492942690849304,0.08091726899147034,-0.07483421266078949,0.031073035672307014,-0.014744645915925503,0.053585484623909,-0.04000275582075119,-0.017123060300946236,0.18418224155902863,-0.08692663908004761,-0.09687996655702591,-0.10150080919265747,-0.14114506542682648,0.06864307075738907,-0.020500119775533676,0.13429053127765656,-0.040662720799446106,-0.007492336444556713,-0.027532534673810005,0.052469391375780106,0.05278260260820389,0.04497096315026283,-0.007596517447382212,0.02268124185502529,-0.1435788869857788
26,26,90,2606,460,285,521,342,489,313,60.74129438143931,54.88365718746564,300.0,121.51611665387567,85.0,-0.018532725051045418,-0.015747440978884697,-0.07572881132364273,0.0764879435300827,-0.013560818508267403,0.10946385562419891,0.021630529314279556,-0.03067021071910858,-0.03910011053085327,-0.09991901367902756,-0.029094761237502098,-0.07057706266641617,-0.027321698144078255,0.05242565646767616,0.05543508008122444,0.0031354264356195927,0.03394722193479538,0.13097259402275085,0.0703577771782875,0.08517669886350632,-0.11789197474718094,-0.0693724974989891,-0.003033388638868928,-0.03445423021912575,0.048166774213314056,0.11386419087648392,-0.09023593366146088,0.169778510928154,0.017933456227183342,-0.06575994193553925,0.032391857355833054,0.14836539328098297,-0.13243389129638672,0.07139430195093155,0.12396001815795898,0.11784575134515762,-0.0009453879320062697,-0.0024335309863090515,-0.03777620196342468,0.08597458899021149,-0.05173591151833534,0.006379546597599983,-0.023357965052127838,-0.18813349306583405,-0.13148920238018036,0.009521150961518288,0.08166728913784027,0.11486009508371353,0.018402408808469772,0.06476006656885147,0.038276877254247665,-0.025359822437167168,-0.3414020240306854,-0.06895340234041214,-0.017884396016597748,-0.1444142460823059,0.025181185454130173,-0.026232775300741196,-0.03620748594403267,0.011119984090328217,-0.06154131516814232,-0.05063517764210701,-0.15036258101463318,0.11665806919336319,0.03337383642792702,-0.04715721309185028,-0.01713396981358528,-0.036384064704179764,-0.05273692309856415,-0.07145611196756363,-0.08589756488800049,0.05542401224374771,-0.049108367413282394,-0.07969439029693604,-0.08543001860380173,-0.11255715787410736,0.06579095870256424,-0.08500164747238159,-0.09894277900457382,-0.14906789362430573,-0.0034287020098417997,-0.008439986035227776,0.002348707290366292,-0.0040082624182105064,-0.0841330736875534,-0.03899228200316429,-0.08444777131080627,-0.11366231739521027,0.006346950773149729,0.06006842479109764,-0.03368044272065163,0.14789819717407227,0.014668731018900871,-0.07417168468236923,-0.09881824254989624,-0.04669184610247612,-0.02212524600327015,-0.04696568474173546,0.043373752385377884,-0.10400593280792236,-0.07362376153469086,0.12348143011331558,0.09496963024139404,0.17485184967517853,0.068097323179245,0.11277822405099869,0.03010186180472374,0.15974460542201996,0.03420723229646683,-0.22888538241386414,-0.007955635897815228,0.21364541351795197,0.045098770409822464,-0.05135006457567215,-0.04164499044418335,-0.05017967149615288,0.013526638969779015,0.007881788536906242,0.12204043567180634,-0.028902677819132805,-0.0832146629691124,-0.16262221336364746,0.1090104728937149,-0.01272514183074236,0.12747836112976074,-0.06962992250919342,0.016119688749313354,-0.09925633668899536
28,28,90,404,0,531,12,581,4,555,47.239496236288105,11.79120372539153,109.0,95.72029702970298,85.0,0.06604358553886414,0.029120637103915215,0.1038346141576767,-0.023380476981401443,0.046864449977874756,-0.008846412412822247,-0.024604417383670807,0.04672729969024658,0.01317828893661499,0.01874406263232231,0.019908862188458443,-0.10693644732236862,0.028634222224354744,0.08571252226829529,0.05220598354935646,0.18524931371212006,0.06331110000610352,-0.0572647750377655,0.09185917675495148,0.013488981872797012,0.021779289469122887,-0.17872895300388336,0.11416342109441757,-0.05918256193399429,0.10351364314556122,0.0022054770961403847,0.03944666311144829,0.04788057506084442,-0.061982572078704834,-0.021700788289308548,-0.004902288317680359,0.0841742753982544,-0.0988527461886406,-0.10196349024772644,0.08854956179857254,-0.09389638900756836,-0.19937793910503387,-0.01673204079270363,-0.10223028808832169,0.07268677651882172,0.08523072302341461,0.04432494565844536,-0.03669920191168785,-0.007846533320844173,-0.009909646585583687,-0.19195476174354553,0.08799740672111511,0.1000509038567543,-0.09275304526090622,0.12155710160732269,-0.02201390452682972,0.007546697743237019,-0.08493158966302872,0.10266926884651184,-0.21879276633262634,-0.04684395343065262,-0.011195625178515911,0.07006191462278366,0.11973322927951813,-0.03603394702076912,0.03337017074227333,0.046042993664741516,-0.05434993654489517,0.14615122973918915,0.08328397572040558,-0.08344081044197083,-0.06670575588941574,0.08646261692047119,-0.0064080036245286465,-0.01699562929570675,0.04168738052248955,0.0918831154704094,0.05446654185652733,-0.00024128530640155077,-0.04028190299868584,0.11160053312778473,0.03176366165280342,-0.0023427100386470556,-0.10954507440328598,0.2249528020620346,0.11771151423454285,-0.12170694768428802,-0.04383261874318123,-0.06845583021640778,-0.054562151432037354,-0.05925422161817551,-0.039802487939596176,-0.07043512910604477,0.07477325946092606,-0.05107885226607323,-0.08735805749893188,0.06827571243047714,-0.01710342802107334,-0.030124498531222343,0.006869911681860685,0.0033568795770406723,-0.05975068733096123,-0.05736781284213066,0.027723023667931557,-0.07292847335338593,-0.129412442445755,0.014006298966705799,0.027986304834485054,0.01782912388443947,0.04718618467450142,0.10541235655546188,0.2803340256214142,0.09299954771995544,-0.05694877356290817,-0.14131993055343628,-0.15465231239795685,-0.040459875017404556,0.011054931208491325,0.1622796654701233,0.20868109166622162,-0.04027016833424568,-0.030642323195934296,-0.0966949388384819,0.040394723415374756,0.05783494561910629,-0.05440843477845192,0.030413595959544182,0.1421799659729004,-0.11403759568929672,-0.0028329233173280954,-0.15769147872924805,0.08500835299491882,0.09275968372821808
29,29,90,2171,153,584,210,635,181,608,56.72441455886411,49.02973790655442,189.0,107.74573929064947,86.0,-0.07202298939228058,0.05981413647532463,-0.12318307906389236,-0.00852142833173275,-0.00628889724612236,-0.02656491845846176,0.006302303168922663,-0.025257663801312447,-0.006286983378231525,-0.15521885454654694,0.05759796127676964,0.0022163873072713614,0.07282721996307373,0.166789710521698,-0.1775781214237213,0.07560930401086807,-0.05456363782286644,-0.02207982912659645,-0.05032145231962204,0.2253052294254303,-0.12428920716047287,-0.043694838881492615,0.10507500171661377,-0.04959751293063164,0.005980865564197302,-0.09176541864871979,-0.005074318032711744,0.00853811576962471,-0.09477971494197845,-0.02401954121887684,-0.040662579238414764,0.04843272268772125,-0.025685610249638557,-0.03713579103350639,-0.02154785580933094,0.0446883887052536,-0.07543864101171494,0.14803935587406158,0.06380151957273483,-0.031911853700876236,0.050707608461380005,-0.23151588439941406,0.034220367670059204,0.008552680723369122,-0.020102636888623238,0.09622783213853836,0.0707671120762825,-0.012368511408567429,0.20276014506816864,0.17004473507404327,0.0007940807263366878,-0.151401087641716,-0.22718660533428192,0.02087373659014702,-0.032641589641571045,-0.002283809706568718,-0.03425368294119835,0.07840950042009354,0.024355096742510796,-0.08538242429494858,-0.20547990500926971,-0.09538588672876358,0.0368681363761425,-0.05556773766875267,0.04631662741303444,-0.043183255940675735,0.04667966067790985,0.06284081190824509,-0.035191964358091354,-0.04071993753314018,-0.07337750494480133,0.169071227312088,0.0582093708217144,0.12811516225337982,-0.022233279421925545,0.05769389867782593,0.13094328343868256,0.06251220405101776,0.007764770649373531,-0.05871916189789772,0.002253474434837699,-0.08868198841810226,-0.06928915530443192,-0.1424238681793213,0.04936671257019043,-0.04852442070841789,-0.003727050730958581,0.014010228216648102,-0.03593841940164566,0.04838322475552559,-0.08639600872993469,0.04297955334186554,0.05807657539844513,-0.02780168689787388,0.05038010701537132,-0.02451806142926216,-0.06311367452144623,0.12884315848350525,-0.015572945587337017,0.10037115216255188,0.1364348828792572,0.07139871269464493,0.021587198600172997,0.00915513001382351,-0.07700350135564804,0.14617249369621277,0.022409280762076378,-0.04850706458091736,-0.07360178977251053,0.05990210175514221,0.13762539625167847,-0.0034464579075574875,-0.05863986536860466,0.04863434657454491,-0.09296201914548874,-0.22708722949028015,-0.0901411771774292,0.03536727651953697,0.2097538262605667,0.006227964535355568,-0.11664946377277374,0.02401745319366455,0.10975635051727295,0.0009499186999164522,-0.045350298285484314,-0.05245036631822586,0.04596220701932907,-0.14594922959804535
30,30,90,1725,56,653,107,697,79,675,51.80956491638653,43.08456532578803,155.0,117.9791304347826,86.0,0.1080893874168396,0.11112363636493683,-0.0026422219816595316,0.06597152352333069,0.04099861532449722,0.03178717941045761,-0.21090517938137054,-0.1499704271554947,0.030895357951521873,0.13634000718593597,0.030101405456662178,-0.013472456485033035,-0.10724609345197678,-0.11126147210597992,0.028773613274097443,-0.06222023442387581,-0.0006472450913861394,0.08392684161663055,0.06382428854703903,0.01342477835714817,0.028086232021450996,-0.1214132234454155,0.05303109437227249,0.0878809243440628,0.012516883201897144,-0.07479437440633774,0.006134103983640671,0.07431940734386444,-0.031694959849119186,0.03427356109023094,0.1049804762005806,-0.06052355840802193,-0.24502751231193542,0.22524338960647583,-0.031226616352796555,0.06296593695878983,-0.0637567937374115,0.002887544222176075,-0.010222968645393848,0.005020159762352705,0.15386676788330078,0.12204241007566452,-0.014606286771595478,0.03448924049735069,0.021286800503730774,0.08535134047269821,-0.024796148762106895,0.03253396600484848,-0.09229899197816849,-0.02123306132853031,-0.11965145170688629,-0.13539007306098938,-0.13280202448368073,-0.07095519453287125,-0.15409187972545624,-0.12891778349876404,0.08619751036167145,-0.04547480121254921,-0.09712604433298111,-0.08010008931159973,0.07149390131235123,0.003794084768742323,-0.12462213635444641,0.060496360063552856,-0.04034291207790375,-0.03787786141037941,-0.07234387844800949,-0.0009727110154926777,-0.04586758092045784,-0.0601058304309845,0.2164652794599533,-0.016757825389504433,0.06725409626960754,0.1026131734251976,0.0034476423170417547,0.08570799976587296,0.15739664435386658,-0.01539504062384367,-0.09077642858028412,-0.12348882853984833,-0.02817022241652012,0.05738459900021553,0.05008756369352341,0.12068793922662735,-0.09484326094388962,-0.15345889329910278,-0.04206612706184387,0.0005508739850483835,-0.020816758275032043,0.006104982458055019,-0.06443510949611664,0.17919093370437622,-0.07306196540594101,-0.11623887717723846,0.023945458233356476,0.05863623693585396,-0.1219390407204628,0.03821064159274101,0.009290051646530628,0.022211158648133278,-0.08837378025054932,-0.0349799282848835,0.07266505062580109,0.0699651762843132,-0.020955804735422134,-0.06795865297317505,0.06430994719266891,0.04609397053718567,0.03713319078087807,0.10984761267900467,-0.09997792541980743,0.1460188627243042,-0.051899127662181854,-0.09349236637353897,-0.04354831203818321,-0.04614271596074104,-0.043136730790138245,-0.007631516084074974,0.22423209249973297,0.06465525925159454,0.1350678652524948,0.005029780324548483,-0.07607589662075043,0.10204683989286423,0.0945018082857132,0.06580442935228348,0.05966927111148834,-0.03349478915333748
31,31,90,1496,640,377,687,421,664,398,48.02657404140665,40.01090928718081,148.0,107.42847593582887,86.0,0.07822326570749283,0.15553787350654602,-0.22462038695812225,0.008206474594771862,-0.01798214204609394,-0.17932383716106415,-0.07617116719484329,-0.03711788356304169,-0.16375017166137695,-0.1059911772608757,-0.024620745331048965,-0.0895392969250679,-0.20293386280536652,-0.06187232956290245,-0.10225538164377213,0.13010577857494354,0.025187630206346512,-0.09599784761667252,0.04793109372258186,-0.0137639744207263,-0.140385702252388,0.10424329340457916,0.03426946699619293,0.05550732836127281,0.00613254914060235,0.08273252099752426,-0.017619840800762177,-0.04804891347885132,-0.15431542694568634,-0.01994393579661846,0.004423758015036583,-0.01282456610351801,-0.06228407844901085,0.006051398813724518,0.0576179139316082,0.007784757763147354,-0.06614124774932861,0.2101234644651413,0.05558144673705101,-0.12444369494915009,0.05486676096916199,-0.06794367730617523,0.03269098699092865,0.14861005544662476,-0.1282222867012024,0.12307846546173096,-0.05092047154903412,0.09156160801649094,-0.06034136563539505,-0.03401365503668785,0.0020091363694518805,0.0025812385138124228,-0.20506785809993744,0.0017582261934876442,-0.13844476640224457,-0.10441555827856064,-0.011061952449381351,0.07792489975690842,-0.015178541652858257,-0.06247180327773094,-0.04201878607273102,-0.04245942831039429,-0.06696828454732895,0.04356730729341507,-0.005597439594566822,-0.015579577535390854,-0.07701979577541351,0.002269431483000517,-0.19001077115535736,-0.17857499420642853,-0.0643327459692955,0.0723654106259346,0.05838944390416145,0.02665521390736103,-0.08844964951276779,0.08342134952545166,0.07093599438667297,0.10566830635070801,-0.09294820576906204,0.16858385503292084,0.005434257909655571,-0.20560449361801147,-0.06260821968317032,-0.037841297686100006,0.12220706045627594,0.05256322771310806,-0.04667350649833679,-0.0668715387582779,-0.12633997201919556,0.031861767172813416,-0.14385445415973663,0.012379340827465057,-0.08106595277786255,-0.017960425466299057,-0.013517838902771473,-0.002490005223080516,-0.08384911715984344,-0.085527203977108,-0.03973696753382683,-0.021583497524261475,0.16806744039058685,-0.03702281415462494,-0.03694672882556915,-0.08230171352624893,-0.04745953157544136,-0.026670286431908607,0.029199853539466858,0.017011096701025963,-0.0603908970952034,0.15431855618953705,0.010851535946130753,0.052453771233558655,0.1072503924369812,-0.03912758082151413,-0.061642181128263474,-0.007717117201536894,0.021812748163938522,0.06041824445128441,0.10547192394733429,0.04473482072353363,-0.00663008214905858,0.06610643863677979,0.07580166310071945,0.04114570468664169,0.08136498928070068,0.07115995138883591,0.05033107101917267,-0.11390268802642822
32,32,90,2159,652,293,703,349,676,320,55.09411653769514,50.057082793378775,136.0,100.65632237146828,83.0,0.14107845723628998,0.15969859063625336,0.06964778900146484,-0.16609549522399902,0.06634575873613358,0.036069031804800034,0.09023922681808472,-0.059782858937978745,0.1775142103433609,0.0016843379708006978,-0.08069944381713867,0.008674755692481995,0.168278768658638,-0.178453266620636,-0.054719313979148865,-0.019183387979865074,-0.08917323499917984,-0.011517436243593693,0.12283068895339966,0.0231766514480114,-0.007906502112746239,-0.0749974325299263,-0.012562316842377186,-0.0704435408115387,0.013490389101207256,-0.10261930525302887,-0.07946082204580307,0.0105154849588871,0.07974854856729507,-0.048504412174224854,-0.11268381029367447,-0.02097168378531933,0.18447910249233246,0.012404360808432102,-0.03986319154500961,0.1475594937801361,0.04253974184393883,-0.011625012382864952,0.08198640495538712,0.11148077249526978,-0.09519636631011963,-0.1143488958477974,-0.039562370628118515,0.03561548516154289,0.023065367713570595,0.03934570401906967,-0.031351447105407715,0.06013529375195503,0.0005763872759416699,0.1388818323612213,-0.14752593636512756,-0.05591939017176628,-0.1473826915025711,-0.040207989513874054,0.14751426875591278,0.14485527575016022,0.1196461096405983,-0.0930086150765419,-0.14367882907390594,0.1408020704984665,-0.07308404892683029,-0.1388302892446518,0.07224501669406891,-0.129998579621315,-0.09157309681177139,-0.04614681378006935,-0.010331541299819946,-0.08823252469301224,0.034235477447509766,-0.08339648693799973,-0.0991167351603508,0.051904648542404175,0.02227870188653469,-0.0787702202796936,0.1323927491903305,-0.1523415595293045,-0.0798850730061531,-0.05208727717399597,0.1314796656370163,0.1404087245464325,0.02700449898838997,0.12533830106258392,0.07630498707294464,-0.03224397823214531,-0.11756143718957901,0.11872738599777222,0.07013148814439774,-0.1401967704296112,-0.14738823473453522,-0.009222054854035378,0.04317045956850052,0.13912004232406616,0.10516667366027832,0.03637121245265007,0.04026807099580765,0.016609029844403267,0.11274240165948868,0.04886062443256378,-0.07129953801631927,0.10722651332616806,-0.08356466889381409,0.050920236855745316,0.06410128623247147,0.12346085160970688,0.0453663095831871,-0.08053473383188248,-0.01761409267783165,-0.052243348211050034,-0.009815875440835953,0.04659925401210785,-0.026649435982108116,0.05329149216413498,-0.03535518795251846,-0.04216429218649864,-0.016997983679175377,0.013983107171952724,0.01213808637112379,0.013797660358250141,0.0866866186261177,0.11080749332904816,0.027990128844976425,-0.15017937123775482,-0.024788690730929375,-0.015910977497696877,0.004844074137508869,-0.02446490339934826,-0.0073166764341294765,0.08163411170244217
33,33,90,1600,576,400,626,444,600,420,52.12543800752044,39.57304132896716,133.0,99.92625,86.0,-0.0030992277897894382,0.23655389249324799,-0.09577658772468567,-0.1249566376209259,0.13313835859298706,0.053158897906541824,-0.026476673781871796,-0.07912419736385345,-0.004782585892826319,-0.0749964639544487,-0.03094853088259697,-0.10184364765882492,0.17099401354789734,0.014898956753313541,-0.11768421530723572,0.04159923270344734,0.09093748033046722,-0.03763638436794281,0.08499082922935486,-0.12999819219112396,0.09248102456331253,0.057492565363645554,0.01297321729362011,-0.11160914599895477,0.11191786825656891,-0.06781332939863205,0.0033146371133625507,0.041682448238134384,-0.03852168098092079,-0.1460569053888321,-0.007441097870469093,-0.07860402762889862,-0.17505288124084473,-0.016008399426937103,0.010473729111254215,0.1317300796508789,0.01636304147541523,0.1733883172273636,0.11999418586492538,-0.015529927797615528,-0.08501952141523361,-0.016626577824354172,-0.06241234391927719,-0.08020659536123276,-0.05717265605926514,0.034580305218696594,0.0853174477815628,0.0891282707452774,0.16454818844795227,0.08023504912853241,-0.011223958805203438,-0.07259636372327805,-0.09740204364061356,-0.0274161659181118,0.02402213029563427,-0.027786055579781532,-0.08236062526702881,-0.004903447814285755,-0.12924137711524963,-0.04915528744459152,-0.09239897131919861,-0.0339103564620018,0.028233304619789124,-0.012384387664496899,0.013597523793578148,-0.050226498395204544,0.00711847422644496,-0.018337391316890717,0.1118100956082344,-0.05304477736353874,-0.0522330105304718,-0.012406851164996624,-0.039328113198280334,-0.10614731907844543,0.11583283543586731,0.09011001139879227,0.0909256562590599,-0.04692503809928894,0.09451702982187271,0.13513678312301636,-0.03889920562505722,0.11259210109710693,0.02209109254181385,-0.2788149416446686,-0.08512536436319351,0.034882355481386185,-0.04107854515314102,0.016077233478426933,-0.01323082484304905,0.06994500011205673,0.01948242075741291,0.2251952737569809,0.18386530876159668,0.06015816330909729,0.07553025335073471,-0.045736897736787796,-0.02690582536160946,-0.013950501568615437,-0.14124369621276855,0.03184204921126366,-0.1882113665342331,0.1036045029759407,-0.12054488062858582,0.02992883138358593,0.09001767635345459,-0.03541729599237442,-0.05312790349125862,0.09486917406320572,0.12016494572162628,0.018035151064395905,-0.11065409332513809,0.021182788535952568,-0.10967815667390823,0.13115951418876648,-0.0021523097530007362,-0.008986163884401321,0.05631064251065254,-0.08071987330913544,-0.06072062626481056,0.07234374433755875,-0.039841312915086746,-0.028355665504932404,0.05958448722958565,-0.024445682764053345,-0.01526616606861353,-0.11747049540281296,-0.08297308534383774,0.02411804348230362
34,34,90,1381,602,443,643,486,622,465,44.19597547992309,39.91727042286362,133.0,100.28602461984069,85.0,-0.017441967502236366,0.013175539672374725,0.05302704498171806,-0.14363916218280792,-0.07218752801418304,-0.09386738389730453,-0.167001873254776,0.044383641332387924,0.0193964634090662,-0.030764935538172722,-0.009377374313771725,-0.09570003300905228,0.041226353496313095,-0.1558799147605896,-0.06981510668992996,0.018300935626029968,0.059990353882312775,-0.015575135126709938,0.00400564493611455,-0.1491134911775589,-0.05087021365761757,0.030961645767092705,-0.04748678579926491,-0.08769908547401428,0.04618877172470093,0.1618911623954773,-0.08966664224863052,-0.11170081049203873,0.03672398254275322,-0.07253364473581314,0.13012154400348663,-0.10362331569194794,-0.041338127106428146,0.200448676943779,0.047070953994989395,-0.07608842849731445,-0.04132935032248497,-0.04658486321568489,-0.10235595703125,0.09655147790908813,0.013178250752389431,0.06620562076568604,-0.03273801878094673,0.05427585542201996,0.07414630055427551,0.04693952575325966,-0.15470485389232635,0.1106334775686264,-0.09226469695568085,0.01943984255194664,-0.029429560527205467,0.003917045891284943,-0.2229711413383484,-0.09366626292467117,0.03569571673870087,0.00820823386311531,0.13793224096298218,-0.11722707003355026,-0.08672934770584106,0.19006912410259247,0.05990011617541313,-0.08501376956701279,0.02478845790028572,0.07387761026620865,0.017256051301956177,-0.15523174405097961,-0.011349652893841267,-0.10744329541921616,-0.06744739413261414,-0.15053275227546692,-0.0439264141023159,-0.05663894861936569,0.00185060512740165,-0.11816231161355972,0.030706344172358513,-0.09560143947601318,0.06393910199403763,-0.021884797140955925,-0.12287954241037369,0.019189756363630295,0.052875492721796036,0.0919850543141365,-0.009506016038358212,0.18772603571414948,-0.010391263291239738,0.08089965581893921,-0.15699192881584167,-0.13855311274528503,-0.12719294428825378,-0.008903204463422298,-0.014400188811123371,0.09978724271059036,-0.1859874278306961,-0.19561968743801117,-0.041091933846473694,0.08323991298675537,0.057576749473810196,-0.014479205012321472,-0.09806512296199799,0.023564890027046204,0.014647692441940308,-0.06890469789505005,0.019341468811035156,0.16090154647827148,0.003918067552149296,0.04107919707894325,0.06520319730043411,0.011987950652837753,0.0718943178653717,-0.10973192751407623,-0.09647911041975021,0.09977363049983978,-0.017069987952709198,-0.08399069309234619,-0.045037511736154556,0.11904558539390564,-0.0034815205726772547,-0.019221225753426552,-0.034057654440402985,0.03044634684920311,0.04652271792292595,-0.17265528440475464,-0.03474466875195503,0.023385141044855118,-0.035666096955537796,0.08617524057626724,-0.07122240215539932,-0.01682743802666664
35,35,90,1508,236,309,280,353,257,332,44.673632357846124,43.28279835300051,130.0,101.84151193633953,86.0,0.2237333506345749,0.1404847353696823,-0.05799034610390663,-0.07271885871887207,-0.05957562103867531,-0.029723510146141052,-0.027575697749853134,-0.036583878099918365,-0.12235293537378311,0.0636519342660904,-0.1284891963005066,-0.07866505533456802,-0.07268679141998291,0.027064718306064606,-0.04578607529401779,0.10137981921434402,0.13733267784118652,0.037659548223018646,0.16432663798332214,-0.08694767951965332,-0.0016332278028130531,0.04694734141230583,0.04468030855059624,-0.04740717634558678,0.0976882129907608,0.2707189917564392,-0.008613910526037216,-0.0019009849056601524,-0.0089640561491251,0.06593257188796997,0.04536168649792671,-0.1380695402622223,-0.011755181476473808,0.14660824835300446,0.02794230543076992,0.0960262343287468,0.13312803208827972,0.0032466889824718237,-0.03396977484226227,-0.0709933266043663,0.08317489176988602,0.04366800934076309,-0.055228203535079956,-0.1354932337999344,-0.08322524279356003,0.10185543447732925,-0.023969069123268127,-0.04211387410759926,-0.10013242065906525,0.04346420615911484,-0.08359365165233612,0.07292688637971878,-0.13157665729522705,-0.040512196719646454,-0.07981353998184204,-0.14070194959640503,-0.0813388079404831,0.04040573909878731,-0.1416170597076416,0.03131943941116333,0.0055292327888309956,-0.07774947583675385,0.00896811205893755,0.04980727285146713,-0.028032125905156136,-0.08291489630937576,-0.11091585457324982,-0.10248025506734848,-0.05852605029940605,-0.1103595495223999,-0.07354476302862167,-0.09651756286621094,0.0214067492634058,-0.10760484635829926,-0.04144164174795151,-0.05264833942055702,-0.0218430757522583,-0.0002505516749806702,-0.06756822019815445,0.06213005632162094,0.012088406831026077,-0.1215001568198204,0.05794580653309822,-0.0813668891787529,0.05309619382023811,-0.09694395214319229,-0.08022912591695786,-0.033787332475185394,-0.20967459678649902,0.03636293113231659,-0.11282996088266373,0.0628291517496109,-0.12283709645271301,0.04895322769880295,-0.16613343358039856,-0.17727205157279968,-0.014552412554621696,-0.16930876672267914,-0.05556325986981392,-0.23053774237632751,-0.10460582375526428,-0.05270921066403389,0.07720617949962616,-0.007279289420694113,-0.09380003064870834,0.06754358857870102,0.005505686160176992,0.011619833298027515,0.0504130981862545,0.025755276903510094,-0.03705472871661186,0.11314348131418228,0.07583213597536087,0.03708772733807564,0.001106301904655993,-0.007496255449950695,-0.0013896843884140253,-0.05790639668703079,0.08357682824134827,0.08567019551992416,0.1256222277879715,-0.03540465608239174,-0.05030706897377968,-0.0037826988846063614,0.052977051585912704,0.07727473229169846,-0.11055072396993637,-0.04338781535625458
36,36,90,1244,195,321,230,367,212,343,45.40172566260734,34.96654395663407,162.0,107.92684887459806,83.0,0.08025388419628143,-0.09302454441785812,0.004791081417351961,0.032930608838796616,0.10318238288164139,-0.05205552279949188,0.14137223362922668,-0.10823766142129898,-0.012411265634000301,-0.0776284709572792,-0.07573897391557693,-0.11726078391075134,-0.045804549008607864,0.10312919318675995,-0.1052410826086998,-0.02084372565150261,0.0019402418984100223,-0.06668693572282791,-0.00699714245274663,-0.044864922761917114,-0.12054186314344406,0.15727169811725616,0.057680048048496246,-0.09168002009391785,0.08286494761705399,-0.19201122224330902,-0.0911676436662674,0.015040296129882336,-0.15312537550926208,-0.013788143172860146,-0.08613169938325882,0.11004504561424255,0.028830373659729958,-0.1481991708278656,-0.009304101578891277,-0.09077971428632736,-0.09823671728372574,0.09711554646492004,-0.044305432587862015,-0.015243478119373322,0.014229482971131802,-0.1850927174091339,0.02648332342505455,0.13640497624874115,-0.007191468961536884,0.1010432243347168,0.060287605971097946,-0.02221957966685295,0.07295548170804977,0.04488850012421608,0.1519637107849121,-0.057866353541612625,-0.022644678130745888,0.24494916200637817,-0.23155827820301056,-0.06302892416715622,0.0021853973157703876,0.09055644273757935,0.15586566925048828,-0.1535218507051468,-0.09832697361707687,-0.186555877327919,0.03868403285741806,-0.1042070984840393,0.0630820095539093,0.07508568465709686,-0.05139237642288208,0.028762493282556534,-0.02101181633770466,-0.034820832312107086,0.06492272764444351,-0.0835602730512619,-0.03279949352145195,0.006920927669852972,-0.013232363387942314,0.15617302060127258,0.04622245579957962,0.05275323987007141,0.017032328993082047,0.046453967690467834,0.0212368406355381,-0.12735974788665771,-0.04380222037434578,-0.20418131351470947,-0.039077624678611755,-0.05958181247115135,-0.05133030563592911,-0.006832590792328119,0.07048466056585312,-0.03989748656749725,-0.17198392748832703,0.01959935948252678,0.02522280439734459,-0.13056854903697968,-0.10874370485544205,-0.0408419705927372,-0.0678219422698021,-0.02373834140598774,-0.0016811081441119313,-0.020128343254327774,0.1731332242488861,0.0036440114490687847,0.057068176567554474,-0.06550893932580948,0.014672614634037018,0.05377794802188873,0.019621895626187325,-0.04021339863538742,-0.06930279731750488,-0.07030017673969269,-0.099271260201931,-0.0716002881526947,0.1324710100889206,0.08054865151643753,0.026235226541757584,-0.08999568969011307,-0.05940766632556915,-0.0054289670661091805,-0.0800974890589714,0.03442450612783432,-0.021397141739726067,0.03630371391773224,0.09898035228252411,0.01008456852287054,-0.10370928794145584,-0.028751809149980545,-0.025805223733186722,0.12232080101966858
38,38,90,828,581,0,627,24,605,10,45.59800574739955,24.562250443021153,110.0,95.8659420289855,86.0,-0.019703859463334084,0.022045286372303963,-0.011559201404452324,0.00556802237406373,-0.09179572761058807,-0.09605258703231812,-0.054210130125284195,0.05099702253937721,0.02197120524942875,-0.049719493836164474,-0.11835977435112,0.01972450315952301,-0.010230357758700848,0.06891876459121704,0.03326883167028427,0.025414057075977325,-0.02857939898967743,0.08866962790489197,0.05273490026593208,-0.02863142639398575,-0.08205584436655045,-0.13566794991493225,0.013378720730543137,0.11303635686635971,-0.09406706690788269,0.2049294263124466,-0.0923558846116066,0.030538666993379593,-0.0478396862745285,0.008101975545287132,0.12962661683559418,-0.11284171044826508,0.09246031939983368,0.283429354429245,0.02159280702471733,-0.006714239716529846,-0.03560243919491768,0.038833118975162506,0.08910272270441055,0.18450477719306946,0.06762301921844482,0.11502723395824432,0.12546460330486298,-0.02589266188442707,0.14009372889995575,0.046219583600759506,-0.032983873039484024,-0.014268581755459309,-0.13677172362804413,-0.07362313568592072,-0.1084711030125618,0.12597589194774628,-0.13075195252895355,0.025673940777778625,0.1023094579577446,0.00774632440879941,-0.01943616010248661,0.020225517451763153,-0.04848458245396614,0.1542700082063675,0.06850390136241913,-0.04600224271416664,0.01120290532708168,0.05771033465862274,-0.049723491072654724,0.02896582894027233,-0.014234006404876709,0.08955777436494827,-0.03408058360219002,-0.17951218783855438,0.006893997546285391,0.1071641817688942,0.10592018812894821,0.08940994739532471,-0.005942035932093859,-0.09882573783397675,0.011705274693667889,0.014049369841814041,0.047925449907779694,-0.01974346488714218,0.07482017576694489,-0.06385326385498047,-0.039862509816884995,0.08217903971672058,0.1434614509344101,0.0285671204328537,0.05322036147117615,-0.13105103373527527,-0.05466156452894211,-0.16469961404800415,-0.009379178285598755,0.003201554762199521,-0.03433900326490402,-0.038042567670345306,0.06094658374786377,0.08908229321241379,-0.04619930312037468,-0.09087120741605759,-0.0971127301454544,0.1043713316321373,0.09967241436243057,0.054343096911907196,-0.07151805609464645,0.10880839079618454,-0.10426919907331467,0.06073160842061043,0.28021132946014404,0.015257799997925758,-0.1957980841398239,-0.052721403539180756,-0.035906679928302765,0.0188510213047266,0.06081279367208481,0.04140736162662506,0.04644296318292618,0.06466653198003769,-0.04272747039794922,-0.05280964449048042,-0.09836840629577637,0.07369145005941391,-0.03225333243608475,-0.09037133306264877,0.141521155834198,-0.11412601917982101,0.11789973825216293,-0.10407848656177521,0.047903675585985184,-0.103828564286232
39,39,90,1285,288,246,334,285,311,266,45.98370792740634,35.884478750529105,159.0,103.31906614785993,85.0,-0.12094368040561676,0.10191742330789566,-0.048532649874687195,-0.035813990980386734,-0.12993136048316956,-0.015084785409271717,-0.21053162217140198,-0.011138750240206718,-0.01848669908940792,-0.04495524615049362,0.019894950091838837,0.023166393861174583,-0.051117006689310074,-0.133339062333107,-0.14917534589767456,-0.03409077599644661,0.11694824695587158,-0.005773724522441626,0.025766240432858467,-0.017771989107131958,0.09912458062171936,0.10999057441949844,0.08082471787929535,-0.11158780753612518,-0.07461066544055939,0.0828799456357956,-0.14556607604026794,-0.11607354879379272,-0.056216467171907425,0.05072331801056862,0.1361364722251892,-0.056964658200740814,-0.13030879199504852,0.08851645141839981,0.03609301522374153,-0.10859224200248718,0.11444027721881866,0.10500800609588623,0.06160325929522514,0.037175849080085754,0.009344429709017277,0.17750388383865356,-0.004357193596661091,0.1277388632297516,0.1253507286310196,-0.027902256697416306,-0.05728355795145035,0.0881633535027504,0.055518388748168945,-0.007901504635810852,0.06188042089343071,0.00245735514909029,-0.1757512241601944,0.02129332348704338,0.044307637959718704,0.04394063353538513,0.02593095600605011,0.03547276556491852,-0.02596905641257763,0.02130960114300251,0.03929278254508972,0.030445367097854614,-0.05019969493150711,0.04683176800608635,-0.0075142099522054195,0.03019961528480053,0.0006608854164369404,-0.06821554899215698,-0.17250248789787292,-0.061300262808799744,-0.032848190516233444,0.1473155915737152,0.05606970936059952,0.08026272803544998,-0.0668727234005928,0.054822809994220734,0.22817949950695038,0.06923967599868774,-0.03175885230302811,0.03400702401995659,0.002108713611960411,0.07740818709135056,-0.04330108314752579,0.2388990968465805,0.05859682708978653,0.10049345344305038,-0.18210861086845398,-0.11021365225315094,-0.071537546813488,-0.026529015973210335,-0.038575440645217896,0.11434385925531387,-0.1667649745941162,-0.19379982352256775,0.09066084027290344,0.09984855353832245,-0.08209585398435593,-0.019422180950641632,-0.042352113872766495,0.14866819977760315,0.07456959038972855,-0.012158717028796673,-0.012926829047501087,0.0772523283958435,-0.07413516193628311,0.05853930115699768,0.16883796453475952,0.013135888613760471,0.003323212033137679,0.023011259734630585,-0.11642061918973923,0.022474143654108047,-0.0004494953609537333,0.10132172703742981,-0.0925249457359314,-0.0348939411342144,-0.013555437326431274,0.04390837252140045,-0.03249989449977875,0.04204714298248291,-0.0020682571921497583,0.09753565490245819,0.01047646626830101,0.18911707401275635,0.04613345488905907,-0.010456779040396214,0.000883732340298593,-0.0626739114522934
40,40,90,1442,231,258,282,295,257,277,52.19581298536992,35.36642122698623,172.0,108.55547850208045,86.0,0.031231893226504326,0.20253442227840424,0.017985593527555466,-0.02487167902290821,-0.03986592963337898,0.10209567844867706,-0.035628873854875565,-0.12155937403440475,0.035247012972831726,-0.028855931013822556,-0.09387409687042236,-0.04399290680885315,0.0031946005765348673,-0.03159047290682793,0.010444888845086098,-0.050540998578071594,0.15205031633377075,-0.006919539999216795,0.11787448078393936,-0.08026506751775742,0.005695628467947245,-0.0013166434364393353,0.07298891246318817,0.12785904109477997,0.008220283314585686,0.03657323122024536,-0.04162570461630821,-0.013766015879809856,-0.022611752152442932,0.04405439272522926,0.03593035042285919,-0.12642420828342438,-0.17260299623012543,0.17104551196098328,-0.12205683439970016,0.06324239820241928,0.02944985218346119,0.058682043105363846,0.11521943658590317,0.14406512677669525,-0.035622671246528625,0.13649770617485046,0.03893958404660225,0.05439656600356102,-0.09861341863870621,0.055761177092790604,-0.04879920184612274,-0.05953801050782204,0.013241984881460667,-0.00346039654687047,-0.003653754247352481,0.018510330468416214,-0.24709808826446533,0.04116704314947128,-0.07826743274927139,-0.0950045958161354,0.13535082340240479,0.028646836057305336,-0.08933217078447342,0.018948199227452278,0.10892985016107559,-0.08574192225933075,-0.04698063060641289,0.014428648166358471,-0.01955488882958889,0.03450147435069084,-0.2045987844467163,0.008441193960607052,-0.022556323558092117,-0.08394160121679306,0.08034056425094604,0.09661135822534561,0.14068591594696045,0.10376514494419098,-0.006534026935696602,-0.03715867921710014,0.1292017102241516,0.01818382740020752,-0.030345475301146507,-0.039221394807100296,0.009812542237341404,-0.09088415652513504,0.15301717817783356,-0.14012059569358826,0.010211040265858173,-0.04090580716729164,-0.03968498110771179,-0.13624034821987152,-0.039714980870485306,-0.06521010398864746,-0.03389175608754158,0.2144290655851364,-0.08492698520421982,-0.10630349814891815,0.04430448263883591,-0.10594787448644638,0.024383332580327988,-0.11578349024057388,-0.09546485543251038,-0.09214426577091217,-0.08953455835580826,-0.14503522217273712,0.09885106235742569,-0.022635195404291153,0.07207059115171432,-0.06185560300946236,0.09116621315479279,-0.11146178841590881,0.1317657232284546,0.15293069183826447,-0.09016239643096924,0.06145840883255005,0.10863712430000305,-0.014628558419644833,0.0037549242842942476,0.12962691485881805,0.07067424058914185,-0.037238575518131256,0.04859200492501259,0.008528308011591434,0.09954646229743958,-0.08621713519096375,-0.07807078212499619,0.11220408976078033,0.15060469508171082,-0.05442449450492859,-0.05319171026349068,-0.07393983006477356
41,41,90,1401,686,191,724,246,704,219,56.9390913396745,31.90169741798531,184.0,107.6830835117773,84.0,0.02489524520933628,0.041970137506723404,-0.074186310172081,-0.06027832627296448,-0.030874868854880333,0.14724406599998474,0.019162485376000404,0.02058558724820614,0.03614513576030731,-0.03541625663638115,-0.021490704268217087,-0.1193300187587738,-0.0006746851140633225,0.12623585760593414,0.04413904249668121,-0.018649160861968994,-0.002564120339229703,-0.022834420204162598,0.23965847492218018,0.010941782034933567,-0.03991173207759857,0.08252142369747162,0.02320784330368042,0.20706522464752197,0.06285650283098221,0.02510473132133484,-0.07309544086456299,0.0865166038274765,-0.019263088703155518,-0.0017948908498510718,-0.023238401859998703,0.012117378413677216,0.11120206862688065,0.021242309361696243,0.004888938739895821,0.060868892818689346,0.0005180184962227941,0.014269107952713966,-0.007925450801849365,0.1820434331893921,-0.04430655762553215,-0.13080765306949615,-0.02393091283738613,0.0517871230840683,-0.07726794481277466,-0.03899418190121651,-0.12578177452087402,-0.11404978483915329,0.09450575709342957,0.06945536285638809,0.05158974975347519,0.02043789066374302,-0.17556601762771606,0.031230540946125984,-0.14747557044029236,-0.07313621044158936,0.07560337334871292,0.21141542494297028,-0.024126028642058372,0.06258214265108109,-0.15690657496452332,-0.035373590886592865,-0.10068818181753159,-0.020231788977980614,0.04488742724061012,0.1046156957745552,-0.1068088561296463,-0.013907729648053646,-0.012676575221121311,-0.0967351645231247,-0.08213958144187927,0.028986940160393715,-0.04627666249871254,0.03045552410185337,-0.10481338202953339,-0.0022177654318511486,-0.06043797731399536,-0.1518649309873581,-0.04126179218292236,0.011820344254374504,-0.052950795739889145,-0.17479567229747772,0.07854070514440536,-0.05504366382956505,-0.037852510809898376,-0.038990914821624756,0.12563665211200714,-0.1219523698091507,-0.036025770008563995,-0.0653405413031578,-0.12332639843225479,0.09549365192651749,0.04754484072327614,0.0025067010428756475,0.07079009711742401,-0.04662107676267624,0.09146518260240555,-0.07941260188817978,-0.15713217854499817,-0.2040174901485443,-0.023091020062565804,0.08238155394792557,0.11570756882429123,0.08162285387516022,0.12316481024026871,0.00485985865816474,-0.06377851217985153,-0.005540415178984404,0.0495019406080246,-0.035865768790245056,-0.10496149957180023,-0.004735664464533329,0.06233754754066467,-0.06556089967489243,0.0771825984120369,0.03988955169916153,0.09521852433681488,-0.025153758004307747,-0.014687011018395424,0.05586656928062439,0.02466808632016182,-0.34111544489860535,0.0593208409845829,-0.08750791102647781,0.13881061971187592,-0.04169408231973648,0.047287892550230026,0.05614187568426132
42,42,90,1159,728,171,766,211,747,190,41.71487190014998,35.49018293511815,163.0,106.0060396893874,85.0,0.10949880629777908,-0.04984072968363762,0.10073083639144897,0.05591112747788429,0.09577104449272156,0.0032971855252981186,-0.06814965605735779,0.017658233642578125,-0.14525730907917023,-0.03194150701165199,-0.011367911472916603,0.009914674796164036,-0.025797659531235695,-0.0002052756171906367,-0.09590193629264832,0.19911012053489685,-0.029111415147781372,0.0661921501159668,0.03023935668170452,-0.007081158924847841,0.03076951764523983,-0.027892323210835457,0.0861709788441658,-0.042649101465940475,0.01232184749096632,-0.02010197378695011,-0.13222740590572357,-0.008790496736764908,-0.1644756942987442,0.10698623955249786,0.03591945394873619,-0.017679816111922264,-0.10916253924369812,0.14215843379497528,0.035894982516765594,-0.0007706625037826598,0.013938569463789463,-0.00927327573299408,-0.01461595669388771,-0.01619798317551613,-0.019346963614225388,0.0630689263343811,-0.023339716717600822,0.026258202269673347,0.07673489302396774,0.11228842288255692,-0.09247567504644394,0.07184988260269165,-0.06174440681934357,-0.013259953819215298,-0.15709806978702545,0.006113628391176462,-0.027393002063035965,0.1494607925415039,-0.17587946355342865,-0.20858412981033325,-0.013446123339235783,0.10984637588262558,0.04862567409873009,-0.04254184663295746,-0.024414999410510063,-0.07560458779335022,0.1514335423707962,0.08129388093948364,-0.10609255731105804,0.0007837851298972964,-0.09836116433143616,0.004034200683236122,-0.026701631024479866,-0.08510088920593262,0.14460505545139313,0.17027916014194489,0.06749112159013748,0.025332210585474968,-0.041252367198467255,0.027542170137166977,0.05114240571856499,0.0400567390024662,-0.014292505569756031,0.09587607532739639,-0.04983139783143997,0.02483246475458145,-0.10909787565469742,0.09326527267694473,0.04965708777308464,-0.07629004120826721,-0.23250631988048553,-0.12883777916431427,0.07056950032711029,-0.024302642792463303,-0.05976354703307152,-0.1982566863298416,-0.1073024719953537,-0.0848899856209755,0.023378100246191025,0.0678938776254654,-0.007310116663575172,-0.07994432002305984,0.010902432724833488,-0.07488621771335602,-0.07617710530757904,-0.15908782184123993,0.018545299768447876,-0.048002179712057114,-0.20125888288021088,0.0582122802734375,0.06781073659658432,-0.1375971883535385,-0.019312268123030663,0.08961499482393265,-0.14230762422084808,-0.0800490528345108,0.11909683793783188,0.14218272268772125,0.08327897638082504,-0.10342162102460861,-0.02561601996421814,-0.03493160381913185,0.1138029471039772,0.15440526604652405,-0.027452755719423294,0.12080669403076172,-0.01422716211527586,0.07504229247570038,0.10264619439840317,0.019515864551067352,-0.11864057928323746,0.007457546889781952
43,43,90,1641,649,233,693,282,672,257,51.309001013091724,40.862485135607564,144.0,103.59110298598415,84.0,0.0024951400700956583,0.046305377036333084,-0.16469526290893555,-0.12376292049884796,0.0053461333736777306,0.03992011025547981,0.07656034827232361,-0.0072802226059138775,0.10995253920555115,-0.08777792006731033,0.026288820430636406,-0.09566572308540344,0.03914012014865875,0.06226753443479538,-0.08975241333246231,-0.13619272410869598,-0.004936940036714077,-0.18834686279296875,0.2490476816892624,-0.014179800637066364,-0.07508479058742523,0.033486783504486084,0.011291484348475933,0.08301759511232376,-0.014179902151226997,0.04266093671321869,0.06716802716255188,-0.003603436751291156,-0.021105287596583366,0.0619148388504982,-0.15241873264312744,-0.14700892567634583,0.08561966568231583,-0.00015173850988503546,0.06110324710607529,0.12278974801301956,-0.005964159965515137,0.11228451877832413,0.10494659841060638,0.10993284732103348,-0.011967962607741356,-0.14781874418258667,-0.02243001013994217,0.083755262196064,-0.06528574973344803,0.18614770472049713,0.012661823071539402,-0.011255884543061256,-0.043164629489183426,0.07624638080596924,0.08614207804203033,-0.11817046254873276,-0.14796772599220276,0.04709840938448906,-0.018085110932588577,0.0271617379039526,0.14592227339744568,0.020854966714978218,-0.043179288506507874,0.08916827291250229,-0.030305037274956703,-0.020539546385407448,-0.11501293629407883,0.006075304001569748,0.0486455038189888,-0.01603403128683567,-0.07391608506441116,0.0004327649367041886,-0.045123390853405,-0.05613771080970764,-0.014414852485060692,-0.02806081995368004,-0.057156335562467575,-0.08242370933294296,0.037935931235551834,0.10808748006820679,0.004030149430036545,-0.03317999094724655,0.12324974685907364,0.1416930854320526,-0.06859131902456284,-0.09361297637224197,-0.0431520938873291,-0.15455371141433716,0.028941569849848747,0.11056903004646301,0.1374828964471817,0.023664578795433044,-0.07856453955173492,0.0769357979297638,-0.06546536087989807,0.06886911392211914,0.01878839172422886,0.1323363035917282,0.09269890934228897,-0.11933481693267822,0.012758364900946617,-0.10555048286914825,-0.10030229389667511,-0.11362390965223312,0.03682635724544525,0.13025344908237457,-0.0018154042772948742,-0.04552936926484108,0.1819026619195938,-0.15740619599819183,-0.0819944441318512,-0.026886731386184692,-0.013083798810839653,0.026791097596287727,0.015988657251000404,-0.05355313792824745,0.052182089537382126,-0.03880878910422325,-0.02829090692102909,0.10501094162464142,0.0074124266393482685,-0.05460841953754425,-0.033089879900217056,-0.06615635007619858,0.16230636835098267,-0.17675255239009857,-0.03963916003704071,-0.20643115043640137,0.1599053144454956,0.023490367457270622,0.06485292315483093,0.0027791992761194706
44,44,90,1063,614,265,649,310,631,288,49.53289811305634,27.84323639255853,174.0,103.99247412982126,85.0,0.12542429566383362,0.10026908665895462,0.1246342882514,-0.04893758147954941,0.14662732183933258,0.11963751912117004,-0.07774852961301804,-0.1502559781074524,0.11307546496391296,-0.12144442647695541,-0.1153952106833458,0.033574607223272324,0.10568536818027496,0.029800577089190483,-0.14413169026374817,-0.05797551944851875,-0.001207013614475727,-0.10219429433345795,0.07385727763175964,-0.031243203207850456,-0.051796961575746536,0.028000270947813988,-0.025990180671215057,0.04003118351101875,0.07776650786399841,0.13220266997814178,-0.00708228861913085,-0.08104311674833298,-0.017118632793426514,-0.0037887918297201395,0.028260186314582825,0.031333114951848984,-0.07650881260633469,-0.05435550585389137,-0.025017770007252693,-0.0038798695895820856,0.038308143615722656,0.03169183433055878,0.04140530526638031,0.11196266859769821,-0.0758654773235321,-0.010527663864195347,-0.01808561570942402,-0.015157355926930904,-0.05182225629687309,0.014260491356253624,-0.01682172156870365,0.0296726543456316,0.10808023810386658,0.03529004380106926,-0.09172309190034866,-0.15542881190776825,-0.16243968904018402,0.07142806053161621,-0.010629488155245781,0.013464666903018951,0.18129406869411469,0.03804093599319458,-0.046004731208086014,0.11814319342374802,-0.04721242934465408,-0.11670542508363724,0.06829386949539185,0.07480702549219131,0.03938392922282219,0.031215766444802284,-0.12463145703077316,-0.02798031084239483,-0.035123035311698914,-0.069505475461483,-0.05007832124829292,0.22760963439941406,-0.007175783161073923,-0.17350634932518005,-0.009974018670618534,-0.022775471210479736,-0.01821446791291237,-0.10914953798055649,-0.06904970109462738,0.10420510917901993,0.03681173920631409,-0.02719222940504551,0.05986151471734047,-0.215623676776886,0.03600646182894707,-0.08678150177001953,-0.006832466926425695,-0.1338193714618683,-0.10273858904838562,-0.028235312551259995,-0.07456669211387634,0.1680140644311905,-0.004869416356086731,-0.14111153781414032,0.02359854057431221,-0.10168588906526566,-0.036900535225868225,-0.14284159243106842,0.006558538880199194,-0.22858698666095734,-0.13615348935127258,0.011744511313736439,0.11352182179689407,-0.0061637223698198795,-0.0435623936355114,0.010643521323800087,-0.02610551007091999,-0.04974330589175224,0.13057418167591095,-0.07275331020355225,-0.1445046216249466,-0.1251380890607834,0.13942816853523254,0.054797787219285965,0.07174406945705414,-0.03618725761771202,0.07800906151533127,-0.0994439497590065,0.017742939293384552,0.07442954927682877,0.030814656987786293,-0.20247457921504974,0.024805527180433273,0.04137176275253296,0.061832211911678314,0.018843935802578926,-0.07895942032337189,0.021987082436680794
45,45,90,1059,130,304,170,340,150,321,41.36064220732771,32.691222802747866,126.0,101.60623229461757,83.0,0.005026054568588734,0.13282623887062073,0.005079845432192087,-0.13526040315628052,0.10209999233484268,-0.0966351106762886,-0.08916602283716202,-0.0131552554666996,0.048423025757074356,-0.14633749425411224,-0.09333176165819168,0.07339362055063248,0.03645734488964081,-0.21682672202587128,-0.1575380116701126,-0.08070749789476395,-0.03375778719782829,-0.028702039271593094,-0.01409203466027975,-0.14793750643730164,-0.0500970296561718,0.015194862149655819,0.007136311382055283,-0.12159747630357742,-0.040104858577251434,0.09585220366716385,0.0960182398557663,-0.06170092895627022,-0.12910474836826324,-0.1668858528137207,0.026264846324920654,-0.016085809096693993,0.022323807701468468,0.0016510861460119486,0.0393783263862133,-0.025620292872190475,-0.13054372370243073,0.11543764173984528,0.03204880282282829,-0.06978621333837509,0.011628583073616028,-0.07002029567956924,0.08589497208595276,-0.03227586671710014,0.09960544109344482,0.10343215614557266,-0.1004050225019455,0.09266916662454605,0.030960312113165855,-0.04035887494683266,0.02482796087861061,-0.08129431307315826,-0.17664922773838043,0.07816172391176224,0.13543717563152313,-0.04095267504453659,0.027139849960803986,-0.14247871935367584,-0.16285943984985352,0.09120114892721176,-0.010821647010743618,-0.09818346798419952,-0.0008855237974785268,0.026791205629706383,0.14677037298679352,-0.09206666797399521,0.03331524878740311,0.023853544145822525,0.042765699326992035,-0.12852086126804352,-0.07260891795158386,-0.027512647211551666,-0.01057417131960392,-0.1969831883907318,0.11117169260978699,-0.009735467843711376,0.04156528040766716,0.04397359490394592,-0.03754517063498497,0.07942672073841095,0.12199828028678894,-0.12284018099308014,-0.006245909724384546,-0.05502793565392494,0.06504001468420029,0.010551190003752708,0.004478722810745239,-0.013137182220816612,0.04518617317080498,0.09835681319236755,-0.052596163004636765,0.08858651667833328,0.04287317022681236,-0.17675913870334625,0.050403714179992676,-0.05014367401599884,-0.1906224638223648,0.05671340972185135,-0.15254555642604828,0.06886323541402817,0.04016926884651184,0.14566797018051147,-0.07214353233575821,0.13703063130378723,0.0463089719414711,0.10943549126386642,0.0029722589533776045,-0.03762104734778404,0.13331910967826843,-0.13729603588581085,0.024148285388946533,-0.11054971814155579,0.05765842646360397,-0.03851053863763809,-0.04670694097876549,-0.052468739449977875,0.0817813128232956,0.06834535300731659,-0.031426239758729935,0.015649791806936264,0.03432900831103325,-0.12486494332551956,0.14919961988925934,-0.11150381714105606,-0.08611316978931427,-0.07060881704092026,-0.00044125274871475995,0.006689275614917278
46,46,90,1157,149,350,186,395,167,372,45.79750455505339,32.51540624915259,135.0,104.78997407087294,85.0,0.13273929059505463,0.049091238528490067,-0.04819660261273384,0.15523655712604523,0.004767654929310083,0.06179116293787956,0.03499693423509598,-0.06343969702720642,-0.03192723169922829,0.05824689939618111,-0.11449818313121796,-0.057435378432273865,-0.056472521275281906,0.02312246337532997,-0.17661671340465546,0.05073714628815651,0.12270601838827133,0.07403206080198288,0.10780144482851028,-0.0859522894024849,-0.1560927778482437,0.02274351567029953,-0.04250085726380348,0.017760224640369415,0.08034490048885345,0.013657615520060062,0.011561533436179161,0.03278700262308121,-0.07605715095996857,-0.1641584187746048,0.08636564016342163,-0.05759309604763985,0.00960841029882431,0.06423439830541611,0.002400709083303809,0.13144055008888245,-0.02282722480595112,0.014838327653706074,-0.0014746030792593956,0.09346067160367966,0.05779384449124336,-0.012891960330307484,0.02307976968586445,0.03822227567434311,-0.14822599291801453,0.14516276121139526,0.05217314139008522,-0.04000833258032799,0.03717876225709915,-0.13590164482593536,0.12122365087270737,-0.0048077888786792755,-0.18171747028827667,0.1409965604543686,0.07701319456100464,-0.07801157236099243,0.01949464902281761,-0.11709373444318771,-0.18365249037742615,0.10068808495998383,0.13947762548923492,-0.125230610370636,-0.11026950925588608,0.0443587526679039,0.15229563415050507,0.12907147407531738,-0.13752266764640808,-0.07687036693096161,0.10230441391468048,-0.2434735745191574,-0.09895075857639313,-0.06192712485790253,-0.09859638661146164,0.08022163063287735,0.04245525598526001,-0.056400179862976074,0.01655195839703083,-0.041217099875211716,0.03728974983096123,0.06944116950035095,-0.14565783739089966,-0.18816329538822174,-0.009722934104502201,-0.032157715409994125,-0.03760812431573868,0.048489853739738464,-0.11137773841619492,0.021873949095606804,-0.09882449358701706,0.032725777477025986,-0.13407734036445618,-0.10016313940286636,-0.05387125909328461,-0.00286808330565691,0.08703392744064331,-0.0019584784749895334,0.021650126203894615,-0.1400328427553177,-0.10517199337482452,-0.044044919312000275,-0.04807733744382858,0.013409405946731567,-0.036396052688360214,-0.04499165713787079,-0.027534572407603264,-0.10055769234895706,-0.11246699094772339,-0.05376267433166504,0.07521092146635056,-0.022507475689053535,-0.041210733354091644,0.019101891666650772,0.04908231273293495,-0.022647952660918236,0.0059754932299256325,0.021084314212203026,0.05571857467293739,-0.09015659242868423,-0.03541850298643112,-0.09153707325458527,0.11257795244455338,-0.11570142209529877,-0.051236171275377274,-0.14141231775283813,0.049771882593631744,-0.010291002690792084,-0.13848257064819336,0.09114956110715866
47,47,90,1806,600,532,647,585,623,557,52.579266908663286,44.15181979429907,165.0,103.72978959025471,85.0,0.2007395476102829,0.12414951622486115,-0.0608275830745697,-0.06291405856609344,-0.06775698065757751,-0.08410603553056717,-0.03378560394048691,-0.014970120042562485,-0.07313376665115356,-0.096272774040699,0.17726415395736694,-0.07790505141019821,0.023172469809651375,0.05011822283267975,-0.17508597671985626,-0.046630170196294785,-0.01703094318509102,-0.026224328204989433,0.10843604803085327,0.11808041483163834,-0.15189097821712494,0.038627803325653076,0.02734009176492691,-0.10938355326652527,0.1436876803636551,-0.12811848521232605,0.05375015735626221,-0.050793860107660294,-0.04263722151517868,0.03953603282570839,0.020812802016735077,0.08751391619443893,-0.03348546847701073,-0.05890394002199173,-0.07020010054111481,0.10206539928913116,-0.07285930216312408,0.13143709301948547,-0.06552774459123611,0.003802601248025894,0.09248261153697968,-0.12069706618785858,-0.022966496646404266,0.022803712636232376,-0.05422807112336159,0.18763728439807892,0.05908246338367462,-0.00269612786360085,0.05817840248346329,0.012001506052911282,0.05470610782504082,-0.030834782868623734,-0.12042871862649918,0.01837509125471115,-0.14122021198272705,-0.028095822781324387,0.029113123193383217,0.11582140624523163,0.009041257202625275,0.013427767902612686,-0.18405061960220337,-0.16317124664783478,0.029409509152173996,-0.0022832441609352827,-0.03639448806643486,0.042705416679382324,0.04719025269150734,-0.026352839544415474,-0.06225625425577164,0.04506319761276245,0.08774881809949875,-0.11140499264001846,0.04234053194522858,0.012925686314702034,-0.017201706767082214,0.015103860758244991,-0.011074229143559933,0.006125550251454115,-0.005273378919810057,0.11856386810541153,-0.08868511766195297,-0.11692191660404205,-0.024271167814731598,-0.2127884328365326,-0.03864332661032677,0.04780076444149017,0.08659791201353073,0.1065325066447258,-0.12844377756118774,0.10504723340272903,-0.1554626077413559,-0.005961970426142216,-0.008417856879532337,0.037100743502378464,-0.06068824231624603,-0.2111053615808487,-0.07695973664522171,0.035128772258758545,-0.17868849635124207,-0.1567184180021286,0.16946294903755188,-0.005092219915241003,-0.0017164568416774273,0.08902370184659958,-0.021757110953330994,0.01558747049421072,0.04678142070770264,0.010660123080015182,0.04648016020655632,-0.14295193552970886,-0.056347038596868515,0.03885110840201378,-0.05201661214232445,0.07686319202184677,-0.06511122733354568,-0.11904565244913101,-0.10443639010190964,-0.05429939553141594,0.1621391922235489,0.12173356860876083,0.008179745636880398,0.01582947000861168,0.05850544944405556,-0.028175368905067444,0.13263365626335144,0.0661788061261177,-0.07623390853404999,0.029538651928305626
48,48,90,1178,660,510,695,558,677,533,48.72631872767854,30.911976969633514,142.0,106.22241086587437,86.0,-0.015386628918349743,-0.023317351937294006,-0.1265183538198471,-0.0165670495480299,-0.002402137964963913,0.046092439442873,0.027343599125742912,0.027978623285889626,-0.009220206178724766,-0.01924837753176689,-0.053386811167001724,-0.04560565575957298,-0.08096455037593842,0.0033510634675621986,-0.09306938946247101,0.05584574118256569,-0.009816349484026432,-0.13848237693309784,0.11157892644405365,-0.09001605957746506,-0.17281340062618256,-0.03903454542160034,0.011293851770460606,-0.005224219989031553,0.005556846968829632,-0.014337141066789627,-0.009155480191111565,-0.007522423751652241,-0.12505652010440826,-0.04808254539966583,-0.0918799564242363,-0.20481513440608978,0.04354271665215492,-0.05230555683374405,0.04648980870842934,-0.13555438816547394,0.04800884798169136,0.0819585770368576,-0.0325019471347332,0.14004915952682495,0.12205446511507034,-0.20210739970207214,-0.0164104662835598,0.2266434133052826,0.05210674926638603,0.03447898104786873,0.05963235720992088,-0.016421154141426086,-0.03045223467051983,-0.09107115864753723,0.049810703843832016,-0.04686208441853523,-0.13251018524169922,0.23141390085220337,-0.03972281143069267,-0.0718286782503128,0.13098473846912384,-0.0823327898979187,-0.00219158036634326,0.028383007273077965,0.01955529674887657,-0.09539351612329483,-0.13681191205978394,-0.061068933457136154,0.16160841286182404,0.023629367351531982,-0.0812341645359993,-0.01978265307843685,0.03558725118637085,-0.006075771991163492,-0.04198823496699333,0.09420076012611389,-0.09319578111171722,0.06936782598495483,0.09585680812597275,0.07859577983617783,0.019079409539699554,-0.006957104429602623,0.00048521405551582575,0.1295798122882843,-0.01688491366803646,-0.22566507756710052,-0.09426388889551163,0.02756652608513832,-0.006725129671394825,0.042565684765577316,0.13818562030792236,0.06147640943527222,-0.007482442073523998,-0.00537831848487258,-0.14271295070648193,-0.0058086649514734745,-0.09834809601306915,-0.13532905280590057,0.038720034062862396,0.05584022030234337,0.11087235063314438,-0.13011960685253143,-0.09689883887767792,0.01864268071949482,0.14253340661525726,0.17418070137500763,-0.09153567254543304,-0.17442406713962555,-0.0242761243134737,-0.08547195792198181,-0.06790058314800262,-0.030992034822702408,0.054927922785282135,0.00904032401740551,0.009095421060919762,-0.1302979290485382,0.07700269669294357,0.07863584160804749,-0.032120827585458755,0.03813458979129791,0.014297353103756905,0.02348977141082287,-0.1162496954202652,-0.10590536147356033,0.11948752403259277,-0.10217911750078201,0.11342361569404602,-0.0790226086974144,0.07423510402441025,-0.008435291238129139,0.017428211867809296,0.1219514012336731
49,49,90,1443,86,331,134,374,110,351,50.97603434757055,36.231430853737066,145.0,104.54954954954955,85.0,0.03638427332043648,0.0635327696800232,-0.048707108944654465,0.02361108735203743,-0.21402016282081604,0.030382396653294563,-0.12362335622310638,0.061637356877326965,-0.15010422468185425,-0.021988073363900185,-0.018262287601828575,0.004751145374029875,-0.10161358118057251,0.1487397700548172,-0.007175099104642868,0.08418473601341248,0.08893665671348572,0.07293153554201126,0.08298245817422867,0.08475037664175034,0.0457167886197567,-0.05532316491007805,0.057892076671123505,0.034104518592357635,-0.1094224750995636,0.0200297050178051,-0.1396573781967163,0.05923234671354294,-0.17143170535564423,0.018392445519566536,0.09124937653541565,-0.044647980481386185,-0.3154018521308899,0.14496368169784546,0.031622495502233505,-0.05848804861307144,0.053491394966840744,0.15124092996120453,0.02070746198296547,-0.013160787522792816,0.024718476459383965,0.10243548452854156,-0.05405069515109062,-0.0502941757440567,0.013624395243823528,-0.07175508141517639,-0.0305867288261652,0.07015236467123032,0.04538877680897713,0.012107529677450657,-0.08207550644874573,-0.081336110830307,-0.1012837141752243,-0.026650095358490944,-0.20826001465320587,-0.19866769015789032,-0.09878934919834137,0.08752050995826721,-0.058762092143297195,-0.09588711708784103,-0.06786664575338364,0.027081159874796867,-0.0817970559000969,0.08513618260622025,-0.06541699171066284,-0.02347768470644951,-0.0066846273839473724,-0.014163661748170853,-0.12846922874450684,-0.017003629356622696,0.08781810104846954,0.13743439316749573,0.12029555439949036,0.23630131781101227,-0.1572750359773636,0.07198143005371094,0.05020371079444885,-0.09265308082103729,-0.07201269268989563,-0.025912873446941376,-0.027568278834223747,-0.07590881735086441,-0.02905462309718132,0.09208542853593826,0.023917581886053085,-0.05484557896852493,-0.08452406525611877,-0.04572365805506706,-0.029028093442320824,-0.013757087290287018,-0.09752543270587921,-0.024556133896112442,-0.09882626682519913,-0.1177702248096466,-0.01363424677401781,0.01403889898210764,-0.060996707528829575,-0.0776917114853859,-0.024467505514621735,-0.012987984344363213,-0.024098217487335205,0.1192573606967926,0.04940367862582207,-0.06764855235815048,-0.0006373862270265818,0.10314703732728958,0.11246215552091599,0.0014212924288585782,-0.0815722867846489,0.024958545342087746,-0.03105911612510681,0.05490361154079437,-0.019687073305249214,0.016519997268915176,-0.03575371205806732,-0.09922858327627182,0.03260796144604683,0.07723359018564224,0.10193656384944916,0.06944344937801361,-0.07912386208772659,0.16145077347755432,0.023180415853857994,0.11313062161207199,0.12118082493543625,0.027400676161050797,0.0321662463247776,-0.14248126745224
50,50,90,970,57,368,94,407,74,387,41.693470169068185,29.840466483222617,147.0,106.83711340206186,86.0,-0.011956360191106796,0.14092910289764404,-0.0034033905249089003,-0.005855306517332792,-0.10940026491880417,0.05949783697724342,-0.2096138745546341,0.0419287383556366,-0.1435580849647522,-0.060590412467718124,0.003895560745149851,-0.051816608756780624,0.13494110107421875,-0.01944190450012684,-0.13067568838596344,-0.03458916023373604,0.27929526567459106,-0.0072848498821258545,-0.04698481038212776,-0.05679529160261154,0.0386081300675869,0.11791855841875076,-0.05938815698027611,-0.028508566319942474,0.01145754475146532,-0.05256408080458641,-0.0693332850933075,0.0434877946972847,-0.2170620560646057,-0.09848985075950623,0.15994545817375183,0.052647996693849564,-0.20038682222366333,0.05108213052153587,0.027752352878451347,-0.009060073643922806,-0.01644720695912838,0.09674736112356186,-0.0459556020796299,0.1554156243801117,-0.016530489549040794,0.1498938947916031,-0.022280583158135414,-0.04333338513970375,0.010629232041537762,0.03970906883478165,-0.10121278464794159,-0.0286894328892231,0.13648740947246552,0.03799821436405182,0.01811065338551998,0.011488192714750767,-0.13311374187469482,0.07273545861244202,-0.12658940255641937,-0.008370745927095413,-0.023962823674082756,0.08624597638845444,0.09708971530199051,-0.05827772244811058,-0.07309544831514359,-0.07269477099180222,-0.07784467190504074,0.10572304576635361,-0.006124771200120449,0.03744864463806152,-0.04407196491956711,0.014249325729906559,-0.08424870669841766,0.019881468266248703,0.07205793261528015,0.015157507732510567,0.07503390312194824,0.10710086673498154,-0.17722643911838531,0.08562485873699188,0.1615825891494751,-0.04027985781431198,-0.10215610265731812,0.027146218344569206,-0.13562074303627014,-0.0021440554410219193,-0.07735872268676758,0.09765169024467468,-0.037615299224853516,-0.08224333822727203,-0.18495416641235352,-0.060337770730257034,-0.00893788319081068,-0.03398619219660759,-0.09755334258079529,0.10837041586637497,0.015309968031942844,-0.15054410696029663,0.06369241327047348,0.057485323399305344,-0.06921722739934921,0.031178157776594162,-0.15834395587444305,-0.05100442096590996,-0.1620481312274933,-0.06944598257541656,0.06044892966747284,0.0729902982711792,-0.019103216007351875,0.02443588338792324,0.09931035339832306,-0.047997549176216125,0.005787514615803957,-0.03176248446106911,-0.13577134907245636,0.02918422780930996,-0.1474694311618805,-0.0884191244840622,0.004083190578967333,-0.00947756040841341,0.04801221191883087,-0.10747549682855606,0.004050982650369406,0.03305733948945999,-0.08609351515769958,0.044680505990982056,0.09576685726642609,-0.028246618807315826,0.012952051125466824,-0.009515444748103619,-0.08866740763187408,-0.09029679745435715
51,51,90,1839,654,565,703,614,677,590,50.458697054357316,46.53864165595928,149.0,101.92387166938553,83.0,0.004192639142274857,0.18827861547470093,-0.1334204524755478,-0.1706514060497284,-0.00599058298394084,-0.060081951320171356,-0.08746172487735748,-0.007412887644022703,0.022107336670160294,-0.27511540055274963,0.046260640025138855,-0.05123487114906311,0.015501478686928749,0.05941242352128029,-0.14359912276268005,-0.0019490794511511922,0.11261456459760666,-0.046128466725349426,-0.058346208184957504,0.0881548672914505,0.041086144745349884,-0.06653035432100296,-0.022828584536910057,-0.11815326660871506,-0.08435558527708054,0.24225476384162903,0.09110110998153687,-0.038291022181510925,0.05784012749791145,-0.03315846994519234,0.09833148121833801,0.09340467303991318,-0.11884183436632156,0.020546123385429382,0.028053345158696175,0.08300743252038956,-0.038935255259275436,0.1974211037158966,0.103004589676857,-0.01805930584669113,-0.0685165524482727,0.05438733845949173,-0.05350802093744278,0.028030315414071083,-0.031143421307206154,0.13573545217514038,0.11694363504648209,-0.03129768371582031,0.1363619714975357,0.014233374036848545,-0.05263028293848038,-0.016808371990919113,0.02992362715303898,-0.05787867680191994,-0.035073425620794296,-0.04098339378833771,-0.12745065987110138,0.1178281158208847,-0.02057349868118763,-0.0192527174949646,-0.1546308845281601,0.040818870067596436,0.045529067516326904,0.05397973582148552,0.05744760110974312,0.032001130282878876,0.00685157859697938,-0.03911006823182106,-0.08622614294290543,0.08142869174480438,0.01634090766310692,0.04718974977731705,0.015306851826608181,-0.08215531706809998,-0.030932540073990822,0.05616757273674011,0.033493224531412125,0.005213066004216671,-0.02672545425593853,0.13589194416999817,0.11812004446983337,0.025130169466137886,-0.19255444407463074,-0.15925008058547974,0.07343434542417526,0.08184138685464859,-0.0647067278623581,0.20785123109817505,0.02304161712527275,0.05521678179502487,-0.06483225524425507,0.03683564066886902,0.06476599723100662,0.05174897611141205,0.029221855103969574,-0.20120590925216675,-0.08702703565359116,0.01885497383773327,-0.037643760442733765,0.044102855026721954,0.030787961557507515,0.05243368446826935,-0.1674572229385376,0.004366188310086727,0.08863967657089233,0.12584425508975983,-0.02519073896110058,0.04398498684167862,0.007120950613170862,-0.03186376020312309,0.0941135436296463,0.08707280457019806,-0.08601804077625275,0.03979158401489258,-0.12172813713550568,-0.11102841794490814,0.04276782274246216,-0.13116876780986786,-0.05482841655611992,0.12148202955722809,0.009311392903327942,0.13448326289653778,0.001083609415218234,-0.01587808132171631,0.0068369521759450436,0.022126000374555588,-0.003883104072883725,-0.14137576520442963
52,52,90,942,630,625,669,661,650,642,37.40302214417893,33.06727935456816,140.0,101.42462845010616,87.0,0.187077134847641,0.07059448957443237,0.09056422859430313,-0.008551483042538166,0.047660741955041885,0.007528092246502638,-0.1154148280620575,0.1357727199792862,-0.0886629968881607,0.0031089396215975285,-0.14079557359218597,-0.027920832857489586,-0.09989234060049057,0.00977601669728756,-0.11629278212785721,0.16658589243888855,0.1396871954202652,0.09115689247846603,0.09948021173477173,-0.01937570795416832,-0.10511409491300583,-0.14930026233196259,0.019047508016228676,-0.01348776463419199,-0.04391123726963997,0.1047997996211052,-0.011013098061084747,0.03180969879031181,-0.018750987946987152,-0.016666825860738754,0.10486260056495667,0.038957931101322174,-0.08632668852806091,0.10899316519498825,-0.04004603996872902,0.07042402774095535,0.07595422118902206,0.043395549058914185,-0.009727210737764835,0.02581576071679592,0.09999679774045944,0.11776626110076904,-0.09327297657728195,-0.04769769310951233,0.11207517981529236,0.0592527873814106,0.014282592572271824,0.01015110220760107,-0.1495421677827835,0.03240841627120972,-0.06741492450237274,0.02540080063045025,0.013340377248823643,0.13156305253505707,-0.12741464376449585,-0.1990620493888855,-0.08261207491159439,0.057725053280591965,-0.17812909185886383,0.027719270437955856,-0.08845283091068268,-0.04675721749663353,-0.03536859154701233,0.25818997621536255,0.0023607127368450165,0.04451637715101242,-0.0025290159974247217,0.062376718968153,0.105509914457798,-0.08179369568824768,0.05450848862528801,0.13196033239364624,-0.025378970429301262,0.07839161902666092,-0.10289715975522995,0.023003224283456802,-0.09918476641178131,0.10411463677883148,0.0892208144068718,0.08390496671199799,0.13413798809051514,-0.18625938892364502,-0.0650273934006691,0.021744251251220703,0.03992926701903343,-0.05533276125788689,-0.0668647289276123,0.044228848069906235,-0.014390900731086731,-0.06345225125551224,-0.043860942125320435,-0.06283543258905411,-0.08622056245803833,0.01161069143563509,0.036647770553827286,-0.0680890902876854,-0.10447230935096741,-0.13095520436763763,-0.0010374460835009813,0.019288362935185432,-0.12900236248970032,-0.004077836871147156,-0.08493834733963013,-0.05887989327311516,-0.08782104402780533,0.12273494899272919,0.11689828336238861,-0.05915391072630882,-0.0038630568888038397,-0.07662317156791687,-0.09432230144739151,-0.10244760662317276,-0.04310612007975578,0.1474532186985016,0.12700985372066498,-0.07173148542642593,-0.00895590428262949,0.025456290692090988,0.07737936079502106,0.15617571771144867,0.06938127428293228,0.10688384622335434,-0.007559230085462332,-0.07765349000692368,0.13551782071590424,-0.043568603694438934,0.03323656693100929,-0.011880666948854923
54,54,90,1000,623,0,665,30,644,13,43.40459403105939,29.87981554492806,139.0,104.189,86.0,-0.07798023521900177,0.06066938862204552,-0.03158216550946236,0.137725830078125,0.022175109013915062,0.06568379700183868,-0.08348114788532257,-0.05290267989039421,-0.025609100237488747,0.04931064322590828,-0.10390538722276688,-0.08368828147649765,0.009225171990692616,0.13716156780719757,-0.017368115484714508,0.11780624091625214,0.13254188001155853,0.045080240815877914,-0.024820148944854736,-0.11165297031402588,-0.0727960541844368,-0.042821988463401794,-0.05591919273138046,0.007875998504459858,0.003260151483118534,0.1777597963809967,0.034374624490737915,0.08036911487579346,0.04294630512595177,-0.0948869064450264,0.22547288239002228,0.006138432305306196,0.06522781401872635,0.11981190741062164,0.0348089225590229,-0.0562911219894886,-0.019754162058234215,0.02080293372273445,0.025434104725718498,0.14592677354812622,0.07692195475101471,-0.031703442335128784,0.036762088537216187,-0.08785971254110336,-0.04260175675153732,0.11463455855846405,0.007964648306369781,-0.020783422514796257,-0.11081846058368683,-0.15685704350471497,-0.07776851207017899,0.09041717648506165,-0.2231033742427826,-0.01346646249294281,-0.08835037797689438,-0.07033193856477737,-0.055319998413324356,0.07379267364740372,-0.13266389071941376,0.08978293091058731,0.04778363183140755,-0.14571493864059448,-0.1368178129196167,0.22617703676223755,0.11545262485742569,0.08220509439706802,-0.0763702243566513,0.02668790891766548,0.004672967828810215,-0.25970467925071716,0.042835842818021774,0.07424452155828476,0.08786983788013458,0.021169591695070267,-0.07988496869802475,0.08421406894922256,0.06948061287403107,0.051937706768512726,-0.08685045689344406,-0.03413611277937889,-0.008815422654151917,-0.1694803535938263,0.09937138110399246,0.1251940280199051,0.06350206583738327,-0.04350978136062622,-0.11202370375394821,-0.04443170502781868,0.026617849245667458,-0.08419480174779892,-0.1335645169019699,0.09543897956609726,-0.020872319117188454,-0.09000664204359055,-0.0048308116383850574,0.07181306183338165,-0.14234961569309235,-0.11594896763563156,-0.11756640672683716,-0.003556609619408846,-0.11318507790565491,0.004748099949210882,-0.001306688878685236,0.002308378927409649,-0.10433277487754822,-0.032475702464580536,0.09112606942653656,-0.09016560763120651,0.09599190950393677,0.0989132672548294,-0.1052050068974495,0.06507978588342667,-0.021015038713812828,-0.030638741329312325,-0.019063115119934082,0.036460552364587784,0.014940191991627216,0.001318614580668509,-0.044761959463357925,-0.07159437239170074,0.023668736219406128,-0.04592962563037872,0.1358024626970291,-0.07936320453882217,0.11090394854545593,0.00636652996763587,-0.020509257912635803,-0.05422297120094299
